claim_id,section,claim,source_ids,evidence_location,status,notes
C1,Relatedwork,Prioragentssupportexecutableproposalsandexperimenthistories,aide;scientist;drugevolve,AIDE3.2;AIScientistExperimentIteration;DrugEvolveREADME,reported,Supported
C2,Relatedwork,Biologicalcollaborativemethodssupportclassificationcorrectionandfoundationmodels,scfed;fedscgen;tabula;chiron,MethodsworkflowsandREADME,reported,Chironalreadyhasagentinterfaces
C3,Relatedwork,Automatedtuninganddesignexistincollaborativelearning,fedex;helmsman,FedEx2-3;HelmsmanMethodsandA7,reported,Noveltyisourspecificmeasurementproposalevaluationinterface
C4,Experiments,TAPBusespre-extractedESM2andatargetdictionary,tapb,Figure5andMethods,reported,Client0dictionarypolicyisourownadaptation
C5,Experiments,ProteinTalkssupportsmeasured6h24hefficacyheadtask,proteintalks,PDFp14eq7-11andp15PTPC,reported,Oursplitcountsneedourmanifest
C6,Experiments,scDEBARTpublicpretrainedbackboneisavailable,scdebart,OfficialREADMEDataAvailabilityandICML2026poster61521,reported,Publicationtitleandbothauthorsverified
C7,Experiments,ExternalcellstudiesareReplogleNadigJiang,replogle;nadig;jiang,PrimaryDataavailability,reported,DoNotInferStudyIdentityFromUMMLabel
C8,Formatting,2027requiresAIusesectionand9pageanonymousinitialsubmission,iclr2027,AuthorGuidelinesandAIPolicyForAuthors,reported,Accountandprofilecheckscanonlybedonebyauthors
C9,Relatedwork,Simplemodelsarecompetitiveonsomegeneticresponsebenchmarks,linear,Methodsandbenchmarksetup,reported,Notourspecificinverse-rankingbenchmark
C10,Experiments,VCCisaderivedsubsetfromArc2025trainingrelease,vcc_release,OfficialAtlasREADME/tutorialandlocalVccPert_SUCCESSmanifest,reported,Internal80/20splitisnotofficialVCCvalidationsplit
C11,Experiments,TahoeisA5495uMderivedsubsetof2025-02-25release,tahoe;tahoe_release,OfficialdatacardandlocalPertsource_manifestparquet,reported,Local14plateh5adsand307compoundsubsetnotfullbenchmark
