task,endpoint,arm,metric,mean,sd,n
dti,random,reference,auroc,0.9545270002640613,0.008305336787415478,5
dti,random,reference,average_precision,0.9491589376240399,0.010498877484961783,5
dti,random,reference,mcc,0.7906991402592154,0.020204705219844497,5
dti,random,reference,accuracy,0.8947502270663034,0.00996164483896773,5
dti,random,reference,log_loss,0.35566845136141834,0.06035003551983323,5
dti,random,fixed_strong_start,auroc,0.9710033667810933,0.0034395484823571162,5
dti,random,fixed_strong_start,average_precision,0.9708726721633898,0.0034449632147271754,5
dti,random,fixed_strong_start,mcc,0.8255495305357157,0.02170877458192271,5
dti,random,fixed_strong_start,accuracy,0.9126248864668483,0.010754412436414658,5
dti,random,fixed_strong_start,log_loss,0.23309303488309366,0.008373379120185777,5
dti,random,direct,auroc,0.9710033667810933,0.0034395484823571162,5
dti,random,direct,average_precision,0.9708726721633898,0.0034449632147271754,5
dti,random,direct,mcc,0.8255495305357157,0.02170877458192271,5
dti,random,direct,accuracy,0.9126248864668483,0.010754412436414658,5
dti,random,direct,log_loss,0.23309303488309366,0.008373379120185777,5
dti,random,loop,auroc,0.9710033667810933,0.0034395484823571162,5
dti,random,loop,average_precision,0.9708726721633898,0.0034449632147271754,5
dti,random,loop,mcc,0.8255495305357157,0.02170877458192271,5
dti,random,loop,accuracy,0.9126248864668483,0.010754412436414658,5
dti,random,loop,log_loss,0.23309303488309366,0.008373379120185777,5
dti,unseen_drug,reference,auroc,0.932812660135815,0.014836232142813714,5
dti,unseen_drug,reference,average_precision,0.9416292491692125,0.01439954344719957,5
dti,unseen_drug,reference,mcc,0.736402159675538,0.031193843047645876,5
dti,unseen_drug,reference,accuracy,0.8704827222368768,0.01511062472284003,5
dti,unseen_drug,reference,log_loss,0.43418864651622874,0.08304613728949362,5
dti,unseen_drug,fixed_strong_start,auroc,0.9587692849527116,0.006132953393776046,5
dti,unseen_drug,fixed_strong_start,average_precision,0.9670371869766639,0.004799918026249316,5
dti,unseen_drug,fixed_strong_start,mcc,0.7819229631033832,0.030626738779370898,5
dti,unseen_drug,fixed_strong_start,accuracy,0.8928514903719336,0.015009441006505928,5
dti,unseen_drug,fixed_strong_start,log_loss,0.2729507281074632,0.01343922458979496,5
dti,unseen_drug,direct,auroc,0.9587692849527116,0.006132953393776046,5
dti,unseen_drug,direct,average_precision,0.9670371869766639,0.004799918026249316,5
dti,unseen_drug,direct,mcc,0.7819229631033832,0.030626738779370898,5
dti,unseen_drug,direct,accuracy,0.8928514903719336,0.015009441006505928,5
dti,unseen_drug,direct,log_loss,0.2729507281074632,0.01343922458979496,5
dti,unseen_drug,loop,auroc,0.9587692849527116,0.006132953393776046,5
dti,unseen_drug,loop,average_precision,0.9670371869766639,0.004799918026249316,5
dti,unseen_drug,loop,mcc,0.7819229631033832,0.030626738779370898,5
dti,unseen_drug,loop,accuracy,0.8928514903719336,0.015009441006505928,5
dti,unseen_drug,loop,log_loss,0.2729507281074632,0.01343922458979496,5
dti,unseen_protein,reference,auroc,0.8867661378705508,0.03622557845195157,5
dti,unseen_protein,reference,average_precision,0.8572880207831245,0.058649428511917415,5
dti,unseen_protein,reference,mcc,0.6536913227487474,0.05958701533395037,5
dti,unseen_protein,reference,accuracy,0.8254487435181491,0.02892053969055777,5
dti,unseen_protein,reference,log_loss,0.5885350966743538,0.13572889154707124,5
dti,unseen_protein,fixed_strong_start,auroc,0.9316895805992967,0.01531795379036904,5
dti,unseen_protein,fixed_strong_start,average_precision,0.9352828797470403,0.015741687738609712,5
dti,unseen_protein,fixed_strong_start,mcc,0.7154808158587983,0.05540374163186517,5
dti,unseen_protein,fixed_strong_start,accuracy,0.8574391703230955,0.027444202724103157,5
dti,unseen_protein,fixed_strong_start,log_loss,0.3624557461097136,0.024388795976382337,5
dti,unseen_protein,direct,auroc,0.9316895805992967,0.01531795379036904,5
dti,unseen_protein,direct,average_precision,0.9352828797470403,0.015741687738609712,5
dti,unseen_protein,direct,mcc,0.7154808158587983,0.05540374163186517,5
dti,unseen_protein,direct,accuracy,0.8574391703230955,0.027444202724103157,5
dti,unseen_protein,direct,log_loss,0.3624557461097136,0.024388795976382337,5
dti,unseen_protein,loop,auroc,0.9316895805992967,0.01531795379036904,5
dti,unseen_protein,loop,average_precision,0.9352828797470403,0.015741687738609712,5
dti,unseen_protein,loop,mcc,0.7154808158587983,0.05540374163186517,5
dti,unseen_protein,loop,accuracy,0.8574391703230955,0.027444202724103157,5
dti,unseen_protein,loop,log_loss,0.3624557461097136,0.024388795976382337,5
ptpc,final,reference,ap,0.27827233971379006,,1
ptpc,final,reference,auroc,0.7272727272727273,,1
ptpc,final,reference,bce,0.39052107471616376,,1
ptpc,final,reference,accuracy_at_0_5,0.8513513513513513,,1
ptpc,final,fixed_strong_start,ap,0.3698997986438978,,1
ptpc,final,fixed_strong_start,auroc,0.7301587301587301,,1
ptpc,final,fixed_strong_start,bce,0.3740949435781077,,1
ptpc,final,fixed_strong_start,accuracy_at_0_5,0.8445945945945946,,1
ptpc,final,direct,ap,0.37164067835979464,0.005506093777222487,5
ptpc,final,direct,auroc,0.7246031746031746,0.003351291244586936,5
ptpc,final,direct,bce,0.37799909663676456,0.0023333120723628346,5
ptpc,final,direct,accuracy_at_0_5,0.8513513513513512,1.2412670766236366e-16,5
ptpc,final,loop,ap,0.3727101363065851,0.00392788353710269,5
ptpc,final,loop,auroc,0.7280663780663781,0.00410051146850876,5
ptpc,final,loop,bce,0.3756740392891875,0.0027621013880224773,5
ptpc,final,loop,accuracy_at_0_5,0.8472972972972974,0.0037008280912510846,5
