method,endpoint,n_declared,n_success,auroc_mean,auroc_sd,average_precision_mean,average_precision_sd,accuracy_mean,accuracy_sd,mcc_mean,mcc_sd,log_loss_mean,log_loss_sd
transferred_direct,random,5,5,0.9671635991550039,0.005241086644264964,0.9661894440155882,0.005060555569995716,0.9045958219800182,0.01293020087670784,0.8094947096898284,0.026202839989638727,0.24475207792816223,0.021589002986917304
transferred_direct,unseen_drug,5,5,0.951521591050004,0.009003303319528057,0.9608973894880523,0.006644778212186304,0.8806119757319968,0.018655606672489927,0.7572311497825178,0.03793358467125055,0.2953371563232096,0.032038136859057126
transferred_direct,unseen_protein,5,5,0.9158170415505695,0.022254970928175393,0.9109260129795641,0.02344740890975377,0.8386916633426406,0.03413260423649455,0.6781822740036545,0.06900687209534945,0.40141809128659395,0.05557034753026495
transferred_loop,random,5,5,0.9668919593345656,0.005308123484985296,0.9659665814141378,0.005097869492661359,0.9041598546775659,0.012852899513563868,0.8087444703313785,0.026063743422018865,0.245242582019036,0.021365250460968196
transferred_loop,unseen_drug,5,5,0.9511508828314023,0.009012784051971985,0.9606690199316429,0.006601996130320522,0.8803481930888948,0.01861546837279173,0.7567560706057886,0.03798286963800461,0.29558320372280594,0.031048885889621708
transferred_loop,unseen_protein,5,5,0.9148977687714559,0.022531566568313975,0.9101655164299968,0.02358661495835147,0.8378141204627044,0.03261903203995087,0.6767315812752095,0.0661366172567967,0.40197365202624497,0.05468247315325474
fixed_manual_0.7_0.3,random,5,5,0.9666134011090574,0.005148030640339021,0.9656849476364588,0.004935603925028558,0.9027792915531335,0.011833549016906171,0.8060497479592232,0.02405907354895929,0.24726422461636477,0.019622475702667022
fixed_manual_0.7_0.3,unseen_drug,5,5,0.9506939383798799,0.008739733067643484,0.9603113377065735,0.006396921866519812,0.8795040886309681,0.018046858740815627,0.7548965178983861,0.036785417937926335,0.2976657031775088,0.029126174965784436
fixed_manual_0.7_0.3,unseen_protein,5,5,0.9142777497037375,0.022239504246625783,0.9094740580465904,0.02322580473666277,0.8367770243318707,0.031239705524642374,0.6747125483405971,0.06349106440615622,0.40500123820516853,0.051897051876112245
TAPB,random,5,5,0.9545270002640613,0.008305336787415478,0.9491589376240399,0.010498877484961783,0.8947502270663034,0.00996164483896773,0.7906991402592154,0.020204705219844497,0.35566845136141834,0.06035003551983323
TAPB,unseen_drug,5,5,0.932812660135815,0.014836232142813714,0.9416292491692125,0.01439954344719957,0.8704827222368768,0.01511062472284003,0.736402159675538,0.031193843047645876,0.43418864651622874,0.08304613728949362
TAPB,unseen_protein,5,5,0.8867661378705508,0.03622557845195157,0.8572880207831245,0.058649428511917415,0.8254487435181491,0.02892053969055777,0.6536913227487474,0.05958701533395037,0.5885350966743538,0.13572889154707124
cosine_k5,random,1,1,0.9142149458674412,,0.9005172995237567,,0.849227974568574,,0.7032550499238046,,1.651941719359608,
cosine_k5,unseen_drug,1,1,0.8892951561057008,,0.8952057816931236,,0.8071748878923767,,0.6318288355179049,,2.193385974690191,
cosine_k5,unseen_protein,1,1,0.8095255218483212,,0.7748320602709895,,0.7279617072197846,,0.4821257601872546,,3.226419832814261,
