method,seed,endpoint,source_sha256,auroc,average_precision,log_loss,accuracy,mcc
direct,542,random,e3cb58b6331c3961fb897c0cab04b383f8dfee9eaa54badebe4d6864e41012de,0.9590483232109849,0.9590679672692466,0.26786788560888647,0.8811989100817439,0.7636314819813493
direct,542,unseen_drug,e3cb58b6331c3961fb897c0cab04b383f8dfee9eaa54badebe4d6864e41012de,0.9440705936710645,0.9561385460608081,0.32283178079868885,0.8541281983645476,0.711621336110727
direct,542,unseen_protein,e3cb58b6331c3961fb897c0cab04b383f8dfee9eaa54badebe4d6864e41012de,0.8851185877159597,0.8816231285918215,0.45978313550385985,0.788193059433586,0.584474805591039
loop,542,random,2fb06ef4e8dd0fb6fcb18965852fdb692cfb6542da194d8904a6ed55b9a773b9,0.9582285450224451,0.9582201799798485,0.26995795866818906,0.8773841961852861,0.7557447363943754
loop,542,unseen_drug,2fb06ef4e8dd0fb6fcb18965852fdb692cfb6542da194d8904a6ed55b9a773b9,0.9429661696900309,0.95523708778007,0.32437757636143555,0.8501714587180164,0.7029780528953355
loop,542,unseen_protein,2fb06ef4e8dd0fb6fcb18965852fdb692cfb6542da194d8904a6ed55b9a773b9,0.8831558092260772,0.8790510137797372,0.46137934892400767,0.7822098125249302,0.5710604146453203
direct,543,random,86ef25ae95e9519fa752a2aaf2c5e60ddb606cb5511e71b7261847e47e36f9aa,0.9594392659096911,0.9594224395658182,0.2675296733879541,0.8802906448683016,0.7619598121787562
direct,543,unseen_drug,86ef25ae95e9519fa752a2aaf2c5e60ddb606cb5511e71b7261847e47e36f9aa,0.9444242018618647,0.9563794928205758,0.32303010726902975,0.8530730677921393,0.7101124340805519
direct,543,unseen_protein,86ef25ae95e9519fa752a2aaf2c5e60ddb606cb5511e71b7261847e47e36f9aa,0.8864977514603097,0.8821559931417212,0.45922961006615814,0.7857997606701237,0.5804267059298683
loop,543,random,2aa37201eae3f1a13d6c815d26d1be97fb718e0935a0d1458e146aff4a77bd6b,0.9586822022709267,0.958697339281785,0.2687659168033251,0.8799273387829246,0.760906339886791
loop,543,unseen_drug,2aa37201eae3f1a13d6c815d26d1be97fb718e0935a0d1458e146aff4a77bd6b,0.9435808081065457,0.9557472343640945,0.32342389253440135,0.8533368504352413,0.709483595701257
loop,543,unseen_protein,2aa37201eae3f1a13d6c815d26d1be97fb718e0935a0d1458e146aff4a77bd6b,0.8841995695125258,0.8804284468855209,0.4603371723462975,0.786597526924611,0.5804637912457633
direct,544,random,48a0ae9f5ab019b035b20699c1703e12ea103de947c409e6795c92a663c53e82,0.9592657776604172,0.9592659452938516,0.2673899878803256,0.880835603996367,0.7630711460042575
direct,544,unseen_drug,48a0ae9f5ab019b035b20699c1703e12ea103de947c409e6795c92a663c53e82,0.9443494600184931,0.956296891691522,0.3224893146510588,0.8536006330783434,0.7113030773890352
direct,544,unseen_protein,48a0ae9f5ab019b035b20699c1703e12ea103de947c409e6795c92a663c53e82,0.8855730053040842,0.8814197417553129,0.4596543390602692,0.7861986437973674,0.5813212131879807
loop,544,random,a392b3084a6655a0e4cb15a9279fbb4d951f54379e5333e301d1286af5653714,0.9590483232109849,0.9590679672692466,0.26786788560888647,0.8811989100817439,0.7636314819813493
loop,544,unseen_drug,a392b3084a6655a0e4cb15a9279fbb4d951f54379e5333e301d1286af5653714,0.9440705936710645,0.9561385460608081,0.32283178079868885,0.8541281983645476,0.711621336110727
loop,544,unseen_protein,a392b3084a6655a0e4cb15a9279fbb4d951f54379e5333e301d1286af5653714,0.8851185877159597,0.8816231285918215,0.45978313550385985,0.788193059433586,0.584474805591039
direct,545,random,bab49407a0f843eaf4a9447b4301ed645893b71ad7f7cd1bfe79e06768065858,0.9587656456297862,0.9587887990975663,0.2687474197610691,0.8790190735694823,0.7591925117422563
direct,545,unseen_drug,bab49407a0f843eaf4a9447b4301ed645893b71ad7f7cd1bfe79e06768065858,0.9435943975326133,0.9557760726415838,0.3237420076160309,0.8522817198628331,0.707713645710185
direct,545,unseen_protein,bab49407a0f843eaf4a9447b4301ed645893b71ad7f7cd1bfe79e06768065858,0.8844643282193321,0.8805760275573049,0.46058268886918285,0.7854008775428799,0.5785711794833659
loop,545,random,6ecbe8dfc92d1e1c01159b704afe546f6b2a3c08e657c9a7130ccdc28fb4b31b,0.9598180617903354,0.9598328181005547,0.26670888896241945,0.8833787465940055,0.768283786193291
loop,545,unseen_drug,6ecbe8dfc92d1e1c01159b704afe546f6b2a3c08e657c9a7130ccdc28fb4b31b,0.9450045836001675,0.9567632401243045,0.322467971974815,0.8567660247955684,0.7179436820568954
loop,545,unseen_protein,6ecbe8dfc92d1e1c01159b704afe546f6b2a3c08e657c9a7130ccdc28fb4b31b,0.8876026099098675,0.8828219893726259,0.45919017296552683,0.7913841244515357,0.5924733322587309
direct,546,random,5f5a4a2bb204cae3c139b9a291e257e8757c7fbc6a0cdac1971b89a0e0b37427,0.9596579086348033,0.9596269893145287,0.267181865254764,0.8811989100817439,0.7639068634155074
direct,546,unseen_drug,5f5a4a2bb204cae3c139b9a291e257e8757c7fbc6a0cdac1971b89a0e0b37427,0.944691460574527,0.9565718742688608,0.32301015470477323,0.8536006330783434,0.7116867944059492
direct,546,unseen_protein,5f5a4a2bb204cae3c139b9a291e257e8757c7fbc6a0cdac1971b89a0e0b37427,0.8871157339225912,0.8826314152333923,0.4591575323812322,0.7857997606701237,0.5811055626250662
loop,546,random,8c4ee910b64caad5392c45ced5f406453dc8df4f15e6f03c1ca25c217d5d9687,0.9586822022709267,0.958697339281785,0.2687659168033251,0.8799273387829246,0.760906339886791
loop,546,unseen_drug,8c4ee910b64caad5392c45ced5f406453dc8df4f15e6f03c1ca25c217d5d9687,0.9435808081065457,0.9557472343640945,0.32342389253440135,0.8533368504352413,0.709483595701257
loop,546,unseen_protein,8c4ee910b64caad5392c45ced5f406453dc8df4f15e6f03c1ca25c217d5d9687,0.8841995695125258,0.8804284468855209,0.4603371723462975,0.786597526924611,0.5804637912457633
fixed_manual_0.7_0.3,,random,,0.9582285450224451,0.9582201799798485,0.26995795866818906,0.8773841961852861,0.7557447363943754
fixed_drugban,,random,,0.9452099287034592,0.9442556480959412,0.33251670347834,0.8650317892824705,0.7303047644602303
fixed_cosine,,random,,0.9142149458674412,0.9005172995237567,1.651941719359608,0.849227974568574,0.7032550499238046
fixed_manual_0.7_0.3,,unseen_drug,,0.9429661696900309,0.95523708778007,0.32437757636143555,0.8501714587180164,0.7029780528953355
fixed_drugban,,unseen_drug,,0.9271138210691594,0.9427588006684642,0.39335708376012724,0.8393563703508309,0.6784758096141077
fixed_cosine,,unseen_drug,,0.8892951561057008,0.8952057816931236,2.193385974690191,0.8071748878923767,0.6318288355179049
fixed_manual_0.7_0.3,,unseen_protein,,0.8831558092260772,0.8790510137797372,0.46137934892400767,0.7822098125249302,0.5710604146453203
fixed_drugban,,unseen_protein,,0.8484125933497195,0.844090888089154,0.5628075043688298,0.7622656561627443,0.5270248272060687
fixed_cosine,,unseen_protein,,0.8095255218483212,0.7748320602709895,3.226419832814261,0.7279617072197846,0.4821257601872546
