fit_seed,endpoint,n_pos_neg_pairs,repaired,broken,net,tapb_strict_wrong_pairs,cosine_mean_credit_on_tapb_strict_wrong
342,random,7574000,0.02433786638500132,0.006640612622128334,0.017697253762872987,444648,0.7200223547615192
342,unseen_drug,3532158,0.03622417230486292,0.008969587430686848,0.02725458487417607,316842,0.7222637781607236
342,unseen_protein,1571242,0.06484074381922073,0.015562529514867857,0.04927821430435286,264590,0.7359801957745946
343,random,7574000,0.01854713493530499,0.0064037496699234225,0.012143385265381569,360931,0.7040071370982265
343,unseen_drug,3532158,0.028730028498158915,0.008893571578621341,0.019836456919537573,254752,0.7172897563120211
343,unseen_protein,1571242,0.04595918388128627,0.015141524984693637,0.03081765889659263,196212,0.7160902493221617
344,random,7574000,0.015879257987853182,0.0061678109321362555,0.009711447055716926,280661,0.7195477818435764
344,unseen_drug,3532158,0.020881568718047153,0.009784952994741459,0.011096615723305695,177022,0.7106235383172713
344,unseen_protein,1571242,0.02704357444620243,0.01573468631821196,0.011308888127990468,111950,0.6920142920946851
345,random,7574000,0.016774359651439134,0.005801425930815949,0.010972933720623185,322287,0.6936271087571015
345,unseen_drug,3532158,0.02420616518287121,0.007948115571273992,0.016258049611597217,223908,0.6903728316987334
345,unseen_protein,1571242,0.03638141037472267,0.014246055031624663,0.022135355343098007,158384,0.6948271290029296
346,random,7574000,0.016613084235542645,0.006706099815157116,0.009906984420385529,313530,0.6770213376710362
346,unseen_drug,3532158,0.024282464147979792,0.009321780056271548,0.014960684091708242,214053,0.6819198983429338
346,unseen_protein,1571242,0.03933639757593038,0.015318455082030648,0.02401794249389973,158452,0.699962764748946
