method,fit_seed,research_index,endpoint,status,source_sha256,auroc,average_precision,accuracy,mcc,log_loss
cosine_k5,,,random,complete,2d2447969ba76297f92c68d54ef568e2afc1496ba8f5d3d8be01c696d5ab28da,0.9142149458674412,0.9005172995237567,0.849227974568574,0.7032550499238046,1.651941719359608
cosine_k5,,,unseen_drug,complete,2d2447969ba76297f92c68d54ef568e2afc1496ba8f5d3d8be01c696d5ab28da,0.8892951561057008,0.8952057816931236,0.8071748878923767,0.6318288355179049,2.193385974690191
cosine_k5,,,unseen_protein,complete,2d2447969ba76297f92c68d54ef568e2afc1496ba8f5d3d8be01c696d5ab28da,0.8095255218483212,0.7748320602709895,0.7279617072197846,0.4821257601872546,3.226419832814261
TAPB,342,,random,complete,058b3078afe1169289f39dc187aa8142433ae067630dd2a3d29422092a8aa0e2,0.9412924478479008,0.932241452439859,0.8811989100817439,0.7627309657364523,0.4395800116576563
TAPB,342,,unseen_drug,complete,058b3078afe1169289f39dc187aa8142433ae067630dd2a3d29422092a8aa0e2,0.9102977556496624,0.9196826021193942,0.8493801107887101,0.692841422153949,0.5541131155091205
TAPB,342,,unseen_protein,complete,058b3078afe1169289f39dc187aa8142433ae067630dd2a3d29422092a8aa0e2,0.831603915883104,0.7662404302286459,0.782608695652174,0.5654232958835979,0.78957709901471
transferred_direct,342,542,random,complete,e3cb58b6331c3961fb897c0cab04b383f8dfee9eaa54badebe4d6864e41012de,0.95928280961183,0.958167149095915,0.8844686648501362,0.7688932009207131,0.2757998774518655
transferred_direct,342,542,unseen_drug,complete,e3cb58b6331c3961fb897c0cab04b383f8dfee9eaa54badebe4d6864e41012de,0.9378312068712668,0.9505188538344398,0.8517541545766288,0.6987699680027166,0.342568240538435
transferred_direct,342,542,unseen_protein,complete,e3cb58b6331c3961fb897c0cab04b383f8dfee9eaa54badebe4d6864e41012de,0.8817604162821513,0.8747748853469877,0.7869964100518548,0.5741571359115006,0.4787182612950924
transferred_loop,342,542,random,complete,2fb06ef4e8dd0fb6fcb18965852fdb692cfb6542da194d8904a6ed55b9a773b9,0.9589897016107737,0.9579737011469168,0.8839237057220708,0.7678242219873426,0.27553234989129866
transferred_loop,342,542,unseen_drug,complete,2fb06ef4e8dd0fb6fcb18965852fdb692cfb6542da194d8904a6ed55b9a773b9,0.9375523405238384,0.9504221539992344,0.8509628066473226,0.6969963998171913,0.3407964022531187
transferred_loop,342,542,unseen_protein,complete,2fb06ef4e8dd0fb6fcb18965852fdb692cfb6542da194d8904a6ed55b9a773b9,0.8808821301874568,0.874336347799563,0.7877941763063422,0.5757113505494044,0.476970551637945
fixed_manual_0.7_0.3,342,,random,complete,2fb06ef4e8dd0fb6fcb18965852fdb692cfb6542da194d8904a6ed55b9a773b9,0.9589897016107737,0.9579737011469168,0.8839237057220708,0.7678242219873426,0.27553234989129866
fixed_manual_0.7_0.3,342,,unseen_drug,complete,2fb06ef4e8dd0fb6fcb18965852fdb692cfb6542da194d8904a6ed55b9a773b9,0.9375523405238384,0.9504221539992344,0.8509628066473226,0.6969963998171913,0.3407964022531187
fixed_manual_0.7_0.3,342,,unseen_protein,complete,2fb06ef4e8dd0fb6fcb18965852fdb692cfb6542da194d8904a6ed55b9a773b9,0.8808821301874568,0.874336347799563,0.7877941763063422,0.5757113505494044,0.476970551637945
TAPB,343,,random,complete,eeef0eadd73bba5241c9a58b0cef424e5593d88fbc9e0bcc6ce4a99484b1b438,0.9523459862688145,0.9476960354426015,0.888283378746594,0.7779849049232576,0.3573459561410198
TAPB,343,,unseen_drug,complete,eeef0eadd73bba5241c9a58b0cef424e5593d88fbc9e0bcc6ce4a99484b1b438,0.9278761029376374,0.9380564280711805,0.8609865470852018,0.7164368206393594,0.4373870668397885
TAPB,343,,unseen_protein,complete,eeef0eadd73bba5241c9a58b0cef424e5593d88fbc9e0bcc6ce4a99484b1b438,0.8751229918752171,0.8478034218330736,0.8089349820502593,0.6213026290209848,0.6123724938175937
transferred_direct,343,543,random,complete,86ef25ae95e9519fa752a2aaf2c5e60ddb606cb5511e71b7261847e47e36f9aa,0.9653818986004753,0.9650971423273731,0.9009990917347865,0.8023301138374821,0.25074244224344366
transferred_direct,343,543,unseen_drug,complete,86ef25ae95e9519fa752a2aaf2c5e60ddb606cb5511e71b7261847e47e36f9aa,0.9490072358031549,0.9595432049642298,0.8754945924558164,0.7460058964456604,0.30140021494871144
transferred_direct,343,543,unseen_protein,complete,86ef25ae95e9519fa752a2aaf2c5e60ddb606cb5511e71b7261847e47e36f9aa,0.9090095605896482,0.9040767858417251,0.8280813721579577,0.6566662358067923,0.4208642893508652
transferred_loop,343,543,random,complete,2aa37201eae3f1a13d6c815d26d1be97fb718e0935a0d1458e146aff4a77bd6b,0.9646941510430421,0.964456199985373,0.8999091734786557,0.8002886620931317,0.2525217851813405
transferred_loop,343,543,unseen_drug,complete,2aa37201eae3f1a13d6c815d26d1be97fb718e0935a0d1458e146aff4a77bd6b,0.9479302737872994,0.9587790575981403,0.8749670271696123,0.7449055392900813,0.30352658384593584
transferred_loop,343,543,unseen_protein,complete,2aa37201eae3f1a13d6c815d26d1be97fb718e0935a0d1458e146aff4a77bd6b,0.9064778054558114,0.9014972528188866,0.8272836059034703,0.6553993519239324,0.4238527174496776
fixed_manual_0.7_0.3,343,,random,complete,2fb06ef4e8dd0fb6fcb18965852fdb692cfb6542da194d8904a6ed55b9a773b9,0.9644893715341961,0.9642313077454457,0.8986376021798365,0.7977993799241463,0.2541667947555303
fixed_manual_0.7_0.3,343,,unseen_drug,complete,2fb06ef4e8dd0fb6fcb18965852fdb692cfb6542da194d8904a6ed55b9a773b9,0.9477125598571752,0.9585978909781222,0.8739118965972039,0.7427425490968559,0.3052149842581946
fixed_manual_0.7_0.3,343,,unseen_protein,complete,2fb06ef4e8dd0fb6fcb18965852fdb692cfb6542da194d8904a6ed55b9a773b9,0.9059406507718097,0.9009468103168499,0.8264858396489828,0.6539112425263363,0.4268507173863897
TAPB,344,,random,complete,0b57c8851fdbb86d40abf2d1e24b140c9256c4ff7bc00f5cb255eb5d2ced0bdc,0.9629440190124109,0.9603687139943746,0.8990009082652134,0.8016747895977488,0.29194397002207434
TAPB,344,,unseen_drug,complete,0b57c8851fdbb86d40abf2d1e24b140c9256c4ff7bc00f5cb255eb5d2ced0bdc,0.9498827628888629,0.9588326591016302,0.8797151147454497,0.7566790053617363,0.33958284785501575
TAPB,344,,unseen_protein,complete,0b57c8851fdbb86d40abf2d1e24b140c9256c4ff7bc00f5cb255eb5d2ced0bdc,0.928750631665905,0.9274080303109913,0.8504188272836058,0.7103741775092104,0.4383208945281518
transferred_direct,344,544,random,complete,48a0ae9f5ab019b035b20699c1703e12ea103de947c409e6795c92a663c53e82,0.97337173224188,0.9717033193547471,0.9189827429609446,0.8392113054355353,0.2173177075078447
transferred_direct,344,544,unseen_drug,complete,48a0ae9f5ab019b035b20699c1703e12ea103de947c409e6795c92a663c53e82,0.9621463705757218,0.9684353935032117,0.9018728567660248,0.8003451125658841,0.253607192039694
transferred_direct,344,544,unseen_protein,complete,48a0ae9f5ab019b035b20699c1703e12ea103de947c409e6795c92a663c53e82,0.941385859084724,0.9374609260654269,0.8791384124451536,0.7609167078783818,0.3264108577349666
transferred_loop,344,544,random,complete,a392b3084a6655a0e4cb15a9279fbb4d951f54379e5333e301d1286af5653714,0.97299821758648,0.971321569389748,0.916802906448683,0.8350593426361672,0.21883778125575348
transferred_loop,344,544,unseen_drug,complete,a392b3084a6655a0e4cb15a9279fbb4d951f54379e5333e301d1286af5653714,0.9616061908895356,0.9680425211178504,0.8994988129781061,0.7956584940288477,0.2553786419325979
transferred_loop,344,544,unseen_protein,complete,a392b3084a6655a0e4cb15a9279fbb4d951f54379e5333e301d1286af5653714,0.9406584090802053,0.9367269472835887,0.8747506980454727,0.7525867546206872,0.32815403607727106
fixed_manual_0.7_0.3,344,,random,complete,2fb06ef4e8dd0fb6fcb18965852fdb692cfb6542da194d8904a6ed55b9a773b9,0.9726554660681278,0.9710256508604898,0.9131698455949138,0.8281715060613475,0.22388572410462612
fixed_manual_0.7_0.3,344,,unseen_drug,complete,2fb06ef4e8dd0fb6fcb18965852fdb692cfb6542da194d8904a6ed55b9a773b9,0.9609793786121685,0.9675663739987121,0.8971247691901872,0.7909991643807206,0.26107242002948294
fixed_manual_0.7_0.3,344,,unseen_protein,complete,2fb06ef4e8dd0fb6fcb18965852fdb692cfb6542da194d8904a6ed55b9a773b9,0.9400595197938956,0.9359355448423345,0.8687674511368169,0.7416884098835811,0.33704387182569717
TAPB,345,,random,complete,8fd0193da1fe97831f5143c278f2c8369ebbea72f47bb834167ff2e847b44485,0.9574482439926063,0.9519708063977838,0.8988192552225249,0.7975731973316866,0.30458205856691245
TAPB,345,,unseen_drug,complete,8fd0193da1fe97831f5143c278f2c8369ebbea72f47bb834167ff2e847b44485,0.9366087247512711,0.9442987700976988,0.8754945924558164,0.7468537651409238,0.3761256142667029
TAPB,345,,unseen_protein,complete,8fd0193da1fe97831f5143c278f2c8369ebbea72f47bb834167ff2e847b44485,0.8991982138970317,0.8727533543096169,0.8392500997207818,0.6785052591151911,0.49057466849780557
transferred_direct,345,545,random,complete,bab49407a0f843eaf4a9447b4301ed645893b71ad7f7cd1bfe79e06768065858,0.9686816741484024,0.9679659942694113,0.9095367847411444,0.8190546734291451,0.23421743425034922
transferred_direct,345,545,unseen_drug,complete,bab49407a0f843eaf4a9447b4301ed645893b71ad7f7cd1bfe79e06768065858,0.9533027684492029,0.9621446988808405,0.8865734634661039,0.7701642806965426,0.2856835153142449
transferred_direct,345,545,unseen_protein,complete,bab49407a0f843eaf4a9447b4301ed645893b71ad7f7cd1bfe79e06768065858,0.9220151956223167,0.9174778115416217,0.8500199441563622,0.7006877305346065,0.38229010026275123
transferred_loop,345,545,random,complete,6ecbe8dfc92d1e1c01159b704afe546f6b2a3c08e657c9a7130ccdc28fb4b31b,0.9691778452601003,0.9685435715242063,0.9113533151680291,0.8228172910808274,0.23273568568256714
transferred_loop,345,545,unseen_drug,complete,6ecbe8dfc92d1e1c01159b704afe546f6b2a3c08e657c9a7130ccdc28fb4b31b,0.9541515413523403,0.9628745721670136,0.8865734634661039,0.7707816282253209,0.28418182770746575
transferred_loop,345,545,unseen_protein,complete,6ecbe8dfc92d1e1c01159b704afe546f6b2a3c08e657c9a7130ccdc28fb4b31b,0.9230245881920163,0.9189263697007356,0.8496210610291185,0.7007052707515022,0.38200955103700596
fixed_manual_0.7_0.3,345,,random,complete,2fb06ef4e8dd0fb6fcb18965852fdb692cfb6542da194d8904a6ed55b9a773b9,0.9684211777132294,0.9677175666583058,0.908991825613079,0.8179417525578615,0.2351491395772976
fixed_manual_0.7_0.3,345,,unseen_drug,complete,2fb06ef4e8dd0fb6fcb18965852fdb692cfb6542da194d8904a6ed55b9a773b9,0.9528667743628683,0.9618277747714443,0.8855183328936956,0.7678241506262226,0.28627485325813873
fixed_manual_0.7_0.3,345,,unseen_protein,complete,2fb06ef4e8dd0fb6fcb18965852fdb692cfb6542da194d8904a6ed55b9a773b9,0.9213335692401299,0.9170295160366464,0.8492221779018747,0.6989537201119604,0.38302553120797156
TAPB,346,,random,complete,4e116b84b850d0158037ee40313b73c99b410ef5df2bafaddf4399e8b17b0968,0.958604304198574,0.9535176798455807,0.9064486830154405,0.8135318437069315,0.38489026041942875
TAPB,346,,unseen_drug,complete,4e116b84b850d0158037ee40313b73c99b410ef5df2bafaddf4399e8b17b0968,0.9393979544516412,0.9472757864561592,0.886837246109206,0.7691997850817217,0.46373458811051604
TAPB,346,,unseen_protein,complete,4e116b84b850d0158037ee40313b73c99b410ef5df2bafaddf4399e8b17b0968,0.8991549360314961,0.8722348672332949,0.846031112883925,0.6928512522147527,0.611830327513508
transferred_direct,346,546,random,complete,5f5a4a2bb204cae3c139b9a291e257e8757c7fbc6a0cdac1971b89a0e0b37427,0.9690998811724321,0.9680136150304944,0.908991825613079,0.8179842548262666,0.24568292818730797
transferred_direct,346,546,unseen_drug,complete,5f5a4a2bb204cae3c139b9a291e257e8757c7fbc6a0cdac1971b89a0e0b37427,0.9553203735506736,0.9638447962575396,0.8873648113954102,0.7708704912017854,0.2934266187749626
transferred_direct,346,546,unseen_protein,complete,5f5a4a2bb204cae3c139b9a291e257e8757c7fbc6a0cdac1971b89a0e0b37427,0.9249141761740075,0.920839656102059,0.8492221779018747,0.6984835598869911,0.3988069477892945
transferred_loop,346,546,random,complete,8c4ee910b64caad5392c45ced5f406453dc8df4f15e6f03c1ca25c217d5d9687,0.9685998811724321,0.9675378650244452,0.9088101725703905,0.8177328338594237,0.24658530808422022
transferred_loop,346,546,unseen_drug,complete,8c4ee910b64caad5392c45ced5f406453dc8df4f15e6f03c1ca25c217d5d9687,0.9545140676039974,0.9632267947759761,0.889738855183329,0.7754382916675019,0.2940325628749114
transferred_loop,346,546,unseen_protein,complete,8c4ee910b64caad5392c45ced5f406453dc8df4f15e6f03c1ca25c217d5d9687,0.9234459109417901,0.91934066454721,0.8496210610291185,0.6992551785305214,0.3988814039293251
fixed_manual_0.7_0.3,346,,random,complete,2fb06ef4e8dd0fb6fcb18965852fdb692cfb6542da194d8904a6ed55b9a773b9,0.9685112886189595,0.9674765117711362,0.9091734786557675,0.8185118792654186,0.24758711475307113
fixed_manual_0.7_0.3,346,,unseen_drug,complete,2fb06ef4e8dd0fb6fcb18965852fdb692cfb6542da194d8904a6ed55b9a773b9,0.9543586385433495,0.9631424947853545,0.8900026378264311,0.7759203255709399,0.2949698560886091
fixed_manual_0.7_0.3,346,,unseen_protein,complete,2fb06ef4e8dd0fb6fcb18965852fdb692cfb6542da194d8904a6ed55b9a773b9,0.9231728785253959,0.9191220712375582,0.8516154766653371,0.7032980186317036,0.40111551896783926
