method,endpoint,n_research_trajectories,n_shared_base_predictors,independent_base_model_seeds,auroc_mean,auroc_sd,average_precision_mean,average_precision_sd,log_loss_mean,log_loss_sd,accuracy_mean,accuracy_sd,mcc_mean,mcc_sd
loop,random,5,2,1,0.9588918669131238,0.0005937655216375595,0.9589031287826439,0.0006005438491629758,0.268413313369229,0.0012080088434436751,0.8803633060853769,0.0021821059938885337,0.7618945368685196,0.004571996218290568
loop,unseen_drug,5,2,1,0.9438405926348709,0.0007595009764179395,0.9559266685386743,0.0005667139867077779,0.3233050228407484,0.0007251281344371477,0.853547876549723,0.0023549157605555746,0.7103020524930944,0.005364599817374375
loop,unseen_protein,5,2,1,0.8848552291753912,0.0016856205068316885,0.8808706051030453,0.0014209250975362356,0.4602054004171979,0.0008096105877057612,0.7869964100518548,0.003313372103278075,0.5817872269973233,0.007745698676804117
direct,random,5,2,1,0.9592353842091366,0.000345204486480972,0.9592344281082023,0.00032277715529634485,0.26774336637859986,0.0006142989506180409,0.8805086285195277,0.0009118910370943738,0.7623523630644253,0.0019175519573008798
direct,unseen_drug,5,2,1,0.9442260227317125,0.00041660913994728734,0.9562325754966701,0.0002991994824963835,0.3230206730079163,0.00045786057565506163,0.8533368504352413,0.0006979032738233839,0.7104874575392897,0.001675111931459862
direct,unseen_protein,5,2,1,0.8857538813244554,0.0010615138473825064,0.8816812612559105,0.0007780546781380712,0.45968146117614045,0.0005705163101348027,0.7862784204228161,0.0011068557579187602,0.581179893363464,0.0021362714222002916
fixed_manual_0.7_0.3,random,0,2,1,0.9582285450224451,,0.9582201799798485,,0.26995795866818906,,0.8773841961852861,,0.7557447363943754,
fixed_manual_0.7_0.3,unseen_drug,0,2,1,0.9429661696900309,,0.95523708778007,,0.32437757636143555,,0.8501714587180164,,0.7029780528953355,
fixed_manual_0.7_0.3,unseen_protein,0,2,1,0.8831558092260772,,0.8790510137797372,,0.46137934892400767,,0.7822098125249302,,0.5710604146453203,
fixed_drugban,random,0,1,1,0.9452099287034592,,0.9442556480959412,,0.33251670347834,,0.8650317892824705,,0.7303047644602303,
fixed_drugban,unseen_drug,0,1,1,0.9271138210691594,,0.9427588006684642,,0.39335708376012724,,0.8393563703508309,,0.6784758096141077,
fixed_drugban,unseen_protein,0,1,1,0.8484125933497195,,0.844090888089154,,0.5628075043688298,,0.7622656561627443,,0.5270248272060687,
fixed_cosine,random,0,1,1,0.9142149458674412,,0.9005172995237567,,1.651941719359608,,0.849227974568574,,0.7032550499238046,
fixed_cosine,unseen_drug,0,1,1,0.8892951561057008,,0.8952057816931236,,2.193385974690191,,0.8071748878923767,,0.6318288355179049,
fixed_cosine,unseen_protein,0,1,1,0.8095255218483212,,0.7748320602709895,,3.226419832814261,,0.7279617072197846,,0.4821257601872546,
