arm,index,n_clients,n_train_rows,n_features,ap,auroc,bce,accuracy_at_0_5,identity,source_sha256
fixed,,10,491,12390,0.27827233971379006,0.7272727272727273,0.39052107471616376,0.8513513513513513,dbe6876c6ee89900c153db81706d7eb2aef729acb80a011baa5e29ecfaaa60e9,ae4e41588ac416fe863431b0e9a6039ea723b31d4ad87962df13c9a37d6ebc7f
direct,642,10,491,17561,0.36415867818334924,0.7142857142857143,0.3910978041493372,0.8513513513513513,c5efb548dd75e2799b6a82a04a03f51f8d7edb9758abee096a9e9ec29319c37d,075be3b2a9696576b4e6095d94a2093b9a6fab94481613095587b923281e4b77
direct,643,10,491,22732,0.28459684780609357,0.7297979797979798,0.3894442966761693,0.8513513513513513,00355f0f3833a18ba4896ce54a94335f255c03942fce67896ca1908426434ff1,bcc209ccdbf0be68b82f19f36c8dda5dd22dd091c79ff80d2966c77c6832ea11
direct,644,10,491,22732,0.3320393863232931,0.7334054834054835,0.3873529276956468,0.8513513513513513,df2a1657271823ae270e6cc40a014e2a7d9fe56026df9b5bdb630d412d0230b1,48584850e92d786cda1852e9c67b24db6dfb336fd92d8a91e47ce3bcbb99db5c
direct,645,10,491,22048,0.27226012218848233,0.7178932178932179,0.3917181443562823,0.8513513513513513,9cbc2d6a2f9f76796a4c56bf43d1918d98f9d388baa3292099c448f8f2430c78,d1135bf47559b4f4d0caa45bb955eee3529f44f1be7743e29c2fd52a79e3b32f
direct,646,10,491,17561,0.36415867818334924,0.7142857142857143,0.3910978041493372,0.8513513513513513,30cb7ff0e59c34e0614456ff4968783971100fcb57e1066261d4bb02eca1478a,90c04b9562051cb03ea3139f1a685a77e47c44912f0cd7eaa327b5b10bc84997
direct,647,10,491,22732,0.30591468873835614,0.7334054834054834,0.38757028008536376,0.8513513513513513,50c362591f73b9dae5048afca562ca94372e281e4fb8983b576e3311e7b00443,5cffb1f020c51892995eb502c19843ecf0eefb6bacfc8e567128c0e19a9a645a
direct,648,10,491,22048,0.2808600961218151,0.7261904761904762,0.38945110759132756,0.8513513513513513,02ff3b6074ab9a453392743fbbc11bf08d10200abdea0b568f1e1b01922c5168,ceaaeb0fa57687869d06fee890987d2a6b63f10f24d8bf40bb9820bf71217919
direct,649,10,491,12390,0.34693867326396066,0.7135642135642135,0.39118088128733003,0.8513513513513513,e4899bf78498a38f291ad9441bdcbe925e59ae103405c6cb5b65bbc6fc97c322,bbfc384331b2980bb195bbc4a23a20085e8f9a9afee997da67d4ca331c7fb3a2
loop,642,10,491,12390,0.27827233971379006,0.7272727272727273,0.39052107471616376,0.8513513513513513,dbe6876c6ee89900c153db81706d7eb2aef729acb80a011baa5e29ecfaaa60e9,ae4e41588ac416fe863431b0e9a6039ea723b31d4ad87962df13c9a37d6ebc7f
loop,643,10,491,17561,0.2801093050736762,0.726911976911977,0.38931668244678386,0.8513513513513513,70135bcabaf9cdb35676fe93776fd294f34565a3f8a4c38d36f989d2f1188278,7aff8685803a562a8675ce8e26023dda31b1d97ff60206f588993ec9745c115a
loop,644,10,491,22732,0.2954808048601377,0.7297979797979798,0.38853814011999827,0.8513513513513513,6277fe4e491745b657effe4fcb67c1ad2780a03d65818aebf08c0fe9228f64a7,3d299cf559e5f074ad4542a02e15db1cfad25748e0a1ac56bcbdd66a138ebe91
loop,645,10,491,17561,0.2815412299144985,0.7283549783549784,0.39045515159137245,0.8513513513513513,2aced9f699c1148c023b9c08753ae193e3fb25eafa09c524f3015003edaec1a2,7fde2bf0afced9e5e8478de95627bc7a5bac4ad6a04ddb181790e63f2b05dc6e
loop,646,10,491,12390,0.3682444443734163,0.7395382395382396,0.38786886990128816,0.8513513513513513,a03d5a84829c3c8914019f7d0dfcd2408b53a5b5a61015589e7454251c6d2b61,80ad8e2d88ca4359e50b186289877be6a9ae32625af44581faabba0600c2b720
loop,647,10,491,12390,0.3682444443734163,0.7395382395382396,0.38786886990128816,0.8513513513513513,a03d5a84829c3c8914019f7d0dfcd2408b53a5b5a61015589e7454251c6d2b61,80ad8e2d88ca4359e50b186289877be6a9ae32625af44581faabba0600c2b720
loop,648,10,491,17561,0.3387291048539556,0.7323232323232324,0.3888592372905665,0.8513513513513513,d14db5ea53686810db3211886cc5d4d002873fbda6a2196fb1417567d68694ac,76f67168bd441b42a61baa70374e3ba7ed29eeb135c5c232b4b4f84d0a20c3fe
loop,649,10,491,12390,0.27827233971379006,0.7272727272727273,0.39052107471616376,0.8513513513513513,dbe6876c6ee89900c153db81706d7eb2aef729acb80a011baa5e29ecfaaa60e9,ae4e41588ac416fe863431b0e9a6039ea723b31d4ad87962df13c9a37d6ebc7f
helmsman,642,10,491,17561,0.27816918200193674,0.726911976911977,0.3904670856541138,0.8513513513513513,bace47db8d639c0c497c3ff404781c31888f34844871a2a0d6c4baee1d3cc94e,545dd8d478df90b0c11ac75b592f09da2c0ecba631e8981b3d6d592ceca54519
helmsman,643,10,491,17561,0.2789119793266475,0.7269119769119768,0.39027261787337575,0.8513513513513513,d0823f6c17c28bc2e337482fd5a32ba59505662382fdf461238e724ac8708134,d35cb8ce95cf4fff601598cc73cbbc770f5152580febafc63a89eacfbe1baac6
helmsman,644,10,491,12390,0.27827233971379006,0.7272727272727273,0.39052107471616376,0.8513513513513513,dbe6876c6ee89900c153db81706d7eb2aef729acb80a011baa5e29ecfaaa60e9,ae4e41588ac416fe863431b0e9a6039ea723b31d4ad87962df13c9a37d6ebc7f
helmsman,645,10,491,17048,0.28297438716416173,0.7254689754689755,0.38981227256133266,0.8513513513513513,4c7a66156774888e0273bf801fb972ea3043b07be56a0e3ea1476941e4e6bf4a,9378e45f4d661faec23058e33bdee8408140e1a7377fcf9bcb7842fbf3bf238e
helmsman,646,10,491,22732,0.2758977796968416,0.722943722943723,0.3892384542562246,0.8513513513513513,d458b5c2e6604e28d1b1d2bd2159165dfb4fc1b559fe24e397349c3a7836aa9e,45da58613b566c5612cd230686fab3a407b0122e855e7bf6371d041766311f81
helmsman,647,10,491,22732,0.34954533018080935,0.7402597402597402,0.3865184266156413,0.8513513513513513,b66e8e393ac8d72b9ce1942b0f14c15b62a2648f07fb440531955de819c97271,3023661d4b3b2e896e7d5eae3822cb825dbb6bd7ae8e9370f620369ce8d63a80
helmsman,648,10,491,12390,0.2744022627034972,0.7103174603174602,0.393411581359409,0.8513513513513513,786c1a6341fb845dde86cbf604c788dce36c5d6baf8dbc1149522e92089e2177,13c2dd40ac776ec048888e025aa7c260f0b2b144eaea801bea4451750c87edea
helmsman,649,10,491,17561,0.32363555416383255,0.734848484848485,0.38785968652311065,0.8513513513513513,388e4787189f197f2611afa2ba4db3dcc09bbadc8b3d99f824d8de7988bb227f,694612f556dc63253113e90ec2ba01f2f57659d7b18c5f4187e638195241815d
