arm,seed,n_clients,n_train_rows,n_features,ap,auroc,bce,accuracy_at_0_5,identity
direct_k1,442,1,59,12390,0.24131733448265852,0.6645021645021645,0.4518516769410432,0.8513513513513513,47e07436c208cd655495655f5321a9dfd0ef175445ca4c0667f43d98f4dce9d5
fixed_k1,442,1,59,12390,0.1959222770198839,0.6233766233766234,0.45033794047636583,0.8513513513513513,1cede6958b80c528fdd2d6e2e13b19d57021c9dc5bbfc0343ad81542b7ecf8f9
loop_k1,442,1,59,12390,0.22370524880987575,0.6590909090909092,0.4512863232476018,0.8513513513513513,5f87835a2d0b3a7643adf83e90cff551ac64c7263ec4b8dbd797d4fc1a666ff3
direct_k10,442,10,491,22732,0.2815993921642905,0.7229437229437229,0.39089208162291705,0.8513513513513513,f1c9bb20279d76d516b68a6378d97fdd260e392c0b1efc051472d4aaae30e96d
fixed_k10,442,10,491,12390,0.27827233971379006,0.7272727272727273,0.39052107471616376,0.8513513513513513,f02bfdcd496a52d83bd4f836ca023febbe5f2a926b001053abca983540ef21ed
loop_k10,442,10,491,12390,0.26632053702711156,0.7211399711399711,0.3914536980739383,0.8513513513513513,8ba97e7f12999cdffbe52bd8ebbccad5a241f7b5c1b95d629d200a648704afb1
direct_k1,443,1,58,12390,0.24016014393619373,0.6919191919191919,0.41990169337091454,0.8513513513513513,cab4666a327b64d1b3faef5a82e93b57f72e45a2f0d2754ef838e3e61fef16b0
fixed_k1,443,1,58,12390,0.1954809618127848,0.6356421356421357,0.4218403323972065,0.8513513513513513,5ae8c121b965b6a90293a69ce62632f6157c3517ca9103536550a56a9b5e731d
loop_k1,443,1,58,12390,0.1954809618127848,0.6356421356421357,0.4218403323972065,0.8513513513513513,5ae8c121b965b6a90293a69ce62632f6157c3517ca9103536550a56a9b5e731d
direct_k10,443,10,491,17561,0.2871649147887612,0.7142857142857143,0.3925015839260533,0.8513513513513513,2f601d1294851cd3f94e781a74a037c9114976a487b9b633237365df50636cb4
fixed_k10,443,10,491,12390,0.27827233971379006,0.7272727272727273,0.39052107471616376,0.8513513513513513,9ba7bd60b339a57eb7e5561526383150d4a89faaccc22e2df1b0dbdf33578c3d
loop_k10,443,10,491,12390,0.27827233971379006,0.7272727272727273,0.39052107471616376,0.8513513513513513,9ba7bd60b339a57eb7e5561526383150d4a89faaccc22e2df1b0dbdf33578c3d
direct_k1,444,1,48,17561,0.2554255459859317,0.6432178932178932,0.4170097157873154,0.8513513513513513,a07a5a4abbc1abf6f0d5cedfe0cc6ec6e0d58625caf2d826ca5bcafa5d74fabe
fixed_k1,444,1,48,12390,0.25195475208241325,0.6320346320346321,0.4173030522982959,0.8513513513513513,2e9abe00d563e77c4ea375d5ed960f8f4b815d3b89f6b6fab5d3893a45af92a5
loop_k1,444,1,48,12390,0.25195475208241325,0.6320346320346321,0.4173030522982959,0.8513513513513513,2e9abe00d563e77c4ea375d5ed960f8f4b815d3b89f6b6fab5d3893a45af92a5
direct_k10,444,10,491,12390,0.28258883444424737,0.7142857142857143,0.3926583559618928,0.8513513513513513,6033ed92d8ad297ccb58607849a780b1f01753f3a8c6494511ef7506e30b512a
fixed_k10,444,10,491,12390,0.27827233971379006,0.7272727272727273,0.39052107471616376,0.8513513513513513,f9c3d80d875f57544d22c035755ec68b7fb450da7dc0c0c6e9d4b08dbefee662
loop_k10,444,10,491,12390,0.27827233971379006,0.7272727272727273,0.39052107471616376,0.8513513513513513,f9c3d80d875f57544d22c035755ec68b7fb450da7dc0c0c6e9d4b08dbefee662
direct_k1,445,1,44,17561,0.26265594231938094,0.6778499278499279,0.4135726335858116,0.8513513513513513,f293df342c7c1ce8db4af4f643bfeaac3209afb365b088fd6061763b1b9f15da
fixed_k1,445,1,44,12390,0.2592958993042111,0.6756854256854257,0.4136693311111066,0.8513513513513513,2ae3e842a6094e67d04e4cc4f8e19e6f4c3e90aeb7bb16e8ebe893d53c2ffe0f
loop_k1,445,1,44,12390,0.2797046091481738,0.6904761904761905,0.4128097177145012,0.8513513513513513,2fe2e0e7fa947304499cdd31961841da783478668e23c907e78c71a66a8e2ff0
direct_k10,445,10,491,12390,0.27827233971379006,0.7272727272727273,0.3905210747161638,0.8513513513513513,84f7de622bf43315cf0045f731e82f06baf99bcf9c1b4105a960c53abdcd9487
fixed_k10,445,10,491,12390,0.27827233971379006,0.7272727272727273,0.3905210747161638,0.8513513513513513,84f7de622bf43315cf0045f731e82f06baf99bcf9c1b4105a960c53abdcd9487
loop_k10,445,10,491,12902,0.24680573942516815,0.7063492063492064,0.3940078892208283,0.8513513513513513,bbb75f732cb7d1b3f5b1fd670b2c5bd85fb4207e48a01be44e0e34ff53600b10
direct_k1,446,1,45,17561,0.33217963362830055,0.6984126984126984,0.4134372055645343,0.8513513513513513,3b268a9790e248f7b91078d6087cd7009a45290e33d23f968e27d86db4ed380a
fixed_k1,446,1,45,12390,0.3126690079947224,0.7200577200577201,0.41493599106168083,0.8513513513513513,cfc0a27c4131e9831d0cc15ddb51648bea56a92e7179fad4c26b5ed5659e9d37
loop_k1,446,1,45,17561,0.3411537038680202,0.6605339105339105,0.4110173399580514,0.8513513513513513,4016141d84d27a089e7dcdf60fa5fcd40e047ba1c81b6313e3151197affb401a
direct_k10,446,10,491,17563,0.35719864283846364,0.7391774891774893,0.38484086319990995,0.8513513513513513,60a6b84dc602df01acabb11c8f91375c1c4433ce83c8ca5caa22da409386fff1
fixed_k10,446,10,491,12390,0.27827233971379006,0.7272727272727273,0.3905210747161638,0.8513513513513513,250ad73b868e65377f19e8c9059310dd465e558e99deaf563999dd6124bf5275
loop_k10,446,10,491,12390,0.27827233971379006,0.7272727272727273,0.3905210747161638,0.8513513513513513,250ad73b868e65377f19e8c9059310dd465e558e99deaf563999dd6124bf5275
cosine_k1,442,1,59,,0.17970932970932968,0.566017316017316,1.1358296808184658,0.7837837837837838,
cosine_k1,443,1,58,,0.17615940196585356,0.5901875901875903,1.1891069166192902,0.8040540540540541,
cosine_k1,444,1,48,,0.19803677557688254,0.6076839826839826,1.2344781383216348,0.7972972972972973,
cosine_k1,445,1,44,,0.2017272118431092,0.6078643578643579,1.527392947996808,0.8175675675675675,
cosine_k1,446,1,45,,0.307627875809694,0.7097763347763346,0.968184454123947,0.8513513513513513,
cosine_k10,442,10,491,,0.1996453931937803,0.6152597402597403,1.315168053863676,0.8243243243243243,
cosine_k10,443,10,491,,0.1996453931937803,0.6152597402597403,1.315168053863676,0.8243243243243243,
cosine_k10,444,10,491,,0.1996453931937803,0.6152597402597403,1.315168053863676,0.8243243243243243,
cosine_k10,445,10,491,,0.1996453931937803,0.6152597402597403,1.315168053863676,0.8243243243243243,
cosine_k10,446,10,491,,0.1996453931937803,0.6152597402597403,1.315168053863676,0.8243243243243243,
