method,endpoint,n_campaigns,test_rows,refit_fallback_campaigns,auroc_mean,auroc_sample_sd,average_precision_mean,average_precision_sample_sd,mcc_mean,mcc_sample_sd,accuracy_mean,accuracy_sample_sd,log_loss_mean,log_loss_sample_sd
drugban,random,5,5505,0,0.8942181938209665,0.022950829669875824,0.8836337443053821,0.02465640630337358,0.573226553843634,0.0665601784574288,0.7784196185286103,0.035346200096786656,0.4473234329232737,0.0395680939411825
drugban,unseen_drug,5,3791,0,0.8849912999361862,0.03168744071420835,0.9024218444286912,0.026570051225120326,0.5300429020674932,0.0820066289697136,0.7429701925613295,0.048092647200177134,0.49178218976036103,0.05463115125485625
drugban,unseen_protein,5,2507,0,0.8007650635611828,0.07344389619904428,0.7756183763910476,0.10296660009239869,0.3620873044812001,0.14322271657709862,0.6601515755883527,0.07116347763620141,0.6094519893560782,0.0803798446751016
drugban_evo_fixed,random,5,5505,0,0.8714795088460523,0.02532008797692616,0.8657958104563198,0.025504287237203806,0.5548789959641395,0.07660411427956182,0.7749318801089918,0.0417013432660312,0.4733444047255392,0.05588461273728996
drugban_evo_fixed,unseen_drug,5,3791,0,0.8611750663475417,0.03336870863062652,0.8888350296357637,0.02636602306627329,0.5279128774923085,0.09376790101985594,0.7560538116591928,0.05736147510962752,0.5027371957020572,0.07744379064531355
drugban_evo_fixed,unseen_protein,5,2507,0,0.7180968304055008,0.07767596989732181,0.6779106724514985,0.10334525227852312,0.30054206896503555,0.17080351895911197,0.6471479856402074,0.0870614854144816,0.6806585726768404,0.10320964868262768
harness_free,random,5,5505,0,0.8950249009770266,0.02704834326993204,0.8884164179667,0.025267234032827567,0.6000151990340102,0.059946647786224216,0.7940054495912806,0.03383870013138405,0.4420751959009824,0.057078110174178805
harness_free,unseen_drug,5,3791,0,0.8853369526504761,0.03823849800401367,0.9062729711138692,0.029020654375149373,0.5600526249061457,0.08049290785807102,0.7643365866525983,0.0512504627123811,0.4819299971141743,0.08430788730645988
harness_free,unseen_protein,5,2507,0,0.7958094297377489,0.09169445159359098,0.796305470330968,0.09570865262159904,0.401906814399446,0.13432996581553772,0.6850418827283605,0.07169673172185026,0.6065524925451571,0.12484192857979191
drugevolve_native,random,5,5505,0,0.8962943622920518,0.021659842884415133,0.8865952692908123,0.02436053057653705,0.6170467625208075,0.059817681725880416,0.8064668483197094,0.030472697220203796,0.42642868298382924,0.03279362270127618
drugevolve_native,unseen_drug,5,3791,0,0.8864849760401432,0.03290685794076229,0.9048393739986575,0.027777558083506168,0.58210494385179,0.0787739300247124,0.7836454761276708,0.04254692197599431,0.45858357239262737,0.048536022697970145
drugevolve_native,unseen_protein,5,2507,0,0.797498603015958,0.07262186590038333,0.7793099808345387,0.08890561876517712,0.43230751817583773,0.13485000285005028,0.7092142002393299,0.06873243583173609,0.5788440373949946,0.07887699910661136
our_harness,random,5,5505,0,0.9004653419593346,0.020735363956032905,0.8921695615024223,0.020151152551184576,0.6274439848316739,0.05461043242991982,0.8114804722979109,0.027825961488274948,0.4176612585680757,0.03988786241203899
our_harness,unseen_drug,5,3791,0,0.8922094085258927,0.029931565183337373,0.9107358895899063,0.022880322755457965,0.5979321549683984,0.07066798690259508,0.7911896597203902,0.0388413112221343,0.4491105486226976,0.05459450373047661
our_harness,unseen_protein,5,2507,0,0.8097627863817285,0.0678000191494462,0.806980911124802,0.07272326357233025,0.45554415417068145,0.11549301956397551,0.7198244914240128,0.05859075844519754,0.5680669010550271,0.08604043887157545
