section,role,metric,n,n_positive,mean,sample_sd,source_sha256
label_distribution,train,positive_fraction,491,86,0.17515274949083504,,0ae97bb895258bb5a615f82515ed4f3128cf4f6e2f254eefc2d49ea8066ba860
label_distribution,dev,positive_fraction,96,8,0.08333333333333333,,0ae97bb895258bb5a615f82515ed4f3128cf4f6e2f254eefc2d49ea8066ba860
label_distribution,gate,positive_fraction,90,9,0.1,,0ae97bb895258bb5a615f82515ed4f3128cf4f6e2f254eefc2d49ea8066ba860
label_distribution,partner,positive_fraction,154,19,0.12337662337662338,,0ae97bb895258bb5a615f82515ed4f3128cf4f6e2f254eefc2d49ea8066ba860
label_distribution,final,positive_fraction,148,22,0.14864864864864866,,0ae97bb895258bb5a615f82515ed4f3128cf4f6e2f254eefc2d49ea8066ba860
fixed_head,dev,ap,8,,0.1080775000443692,0.00788868204908105,0ae97bb895258bb5a615f82515ed4f3128cf4f6e2f254eefc2d49ea8066ba860
fixed_head,dev,auroc,8,,0.4435369318181818,0.014776434037947189,0ae97bb895258bb5a615f82515ed4f3128cf4f6e2f254eefc2d49ea8066ba860
fixed_head,dev,bce,8,,0.8923571714816156,0.06756946567502413,0ae97bb895258bb5a615f82515ed4f3128cf4f6e2f254eefc2d49ea8066ba860
fixed_head,gate,ap,8,,0.5836270032697418,0.05672664304101967,0ae97bb895258bb5a615f82515ed4f3128cf4f6e2f254eefc2d49ea8066ba860
fixed_head,gate,auroc,8,,0.7940672153635117,0.00827726903161935,0ae97bb895258bb5a615f82515ed4f3128cf4f6e2f254eefc2d49ea8066ba860
fixed_head,gate,bce,8,,0.4221257251254734,0.050901025033612914,0ae97bb895258bb5a615f82515ed4f3128cf4f6e2f254eefc2d49ea8066ba860
fixed_head,final,ap,8,,0.15892881738525366,0.006048579492364168,0ae97bb895258bb5a615f82515ed4f3128cf4f6e2f254eefc2d49ea8066ba860
fixed_head,final,auroc,8,,0.49183802308802305,0.022363145272076286,0ae97bb895258bb5a615f82515ed4f3128cf4f6e2f254eefc2d49ea8066ba860
fixed_head,final,bce,8,,1.3718780265924098,0.09331535539097686,0ae97bb895258bb5a615f82515ed4f3128cf4f6e2f254eefc2d49ea8066ba860
online_training_loss,train,epoch1,8,,0.5601554266774605,,0ae97bb895258bb5a615f82515ed4f3128cf4f6e2f254eefc2d49ea8066ba860
online_training_loss,train,epoch100,8,,0.040642669906198615,,0ae97bb895258bb5a615f82515ed4f3128cf4f6e2f254eefc2d49ea8066ba860
logistic_threshold_0_5,final,n_predicted_positive,148,,0,,0ae97bb895258bb5a615f82515ed4f3128cf4f6e2f254eefc2d49ea8066ba860
logistic_threshold_0_5,final,tp,148,,0,,0ae97bb895258bb5a615f82515ed4f3128cf4f6e2f254eefc2d49ea8066ba860
logistic_threshold_0_5,final,fp,148,,0,,0ae97bb895258bb5a615f82515ed4f3128cf4f6e2f254eefc2d49ea8066ba860
logistic_threshold_0_5,final,fn,148,,22,,0ae97bb895258bb5a615f82515ed4f3128cf4f6e2f254eefc2d49ea8066ba860
logistic_threshold_0_5,final,tn,148,,126,,0ae97bb895258bb5a615f82515ed4f3128cf4f6e2f254eefc2d49ea8066ba860
