method,fit_seed,endpoint,job_id,source_sha256,selected_epoch,auroc,average_precision,log_loss,mcc,accuracy
drugban,342,random,fit342_bd82dd73b9d0,bd82dd73b9d008c25549567183eff3e365e1c7636e127cf4149770e1c023164c,30,0.9452099287034592,0.9442556480959412,0.33251670347834,0.7303047644602303,0.8650317892824705
drugban,342,unseen_drug,fit342_bd82dd73b9d0,bd82dd73b9d008c25549567183eff3e365e1c7636e127cf4149770e1c023164c,30,0.9271138210691594,0.9427588006684642,0.39335708376012724,0.6784758096141077,0.8393563703508309
drugban,342,unseen_protein,fit342_bd82dd73b9d0,bd82dd73b9d008c25549567183eff3e365e1c7636e127cf4149770e1c023164c,30,0.8484125933497195,0.844090888089154,0.5628075043688298,0.5270248272060687,0.7622656561627443
drugban_evo,342,random,fit342_5b5a631e8182,5b5a631e81823e791eabbf4cca19e37bc0914ec09dbfe21cdbd6f4c40bf75dc8,41,0.9466219963031425,0.9449703945015269,0.4199608556960274,0.7387223707515854,0.8686648501362397
drugban_evo,342,unseen_drug,fit342_5b5a631e8182,5b5a631e81823e791eabbf4cca19e37bc0914ec09dbfe21cdbd6f4c40bf75dc8,41,0.9335874839121014,0.9472526892999409,0.47985820696943515,0.6952019501537994,0.8446320232128726
drugban_evo,342,unseen_protein,fit342_5b5a631e8182,5b5a631e81823e791eabbf4cca19e37bc0914ec09dbfe21cdbd6f4c40bf75dc8,41,0.8505338452001665,0.8408099757894807,0.7197109333811157,0.534265419257116,0.7634623055444755
harness_free,342,random,fit342_764a6de0bdfe,764a6de0bdfe173bdcbd249a26d67baa22759c3bab6396eb6ebe54b672e7976c,75,0.9428267097966728,0.9434527524362452,0.5004169051952149,0.7219989910056639,0.8581289736603088
harness_free,342,unseen_drug,fit342_764a6de0bdfe,764a6de0bdfe173bdcbd249a26d67baa22759c3bab6396eb6ebe54b672e7976c,75,0.9241898295602858,0.9409841572882809,0.6287923208915971,0.6602579143481515,0.8222104985491955
harness_free,342,unseen_protein,fit342_764a6de0bdfe,764a6de0bdfe173bdcbd249a26d67baa22759c3bab6396eb6ebe54b672e7976c,75,0.8356290755975209,0.835011364244347,0.9086880162297362,0.4949474748117791,0.7379337854008775
drugevolve_native,342,random,fit342_1d1c8b9af99e,1d1c8b9af99ec5794210f514de98ff9d18f0b8dff405b199f34218fa1135ff03,35,0.9376297861103775,0.9364716512773432,0.45970597865550517,0.7134712444563654,0.854314259763851
drugevolve_native,342,unseen_drug,fit342_1d1c8b9af99e,1d1c8b9af99ec5794210f514de98ff9d18f0b8dff405b199f34218fa1135ff03,35,0.9188548473765896,0.933419661674315,0.5694844298600518,0.6578303024753628,0.8214191506198892
drugevolve_native,342,unseen_protein,fit342_1d1c8b9af99e,1d1c8b9af99ec5794210f514de98ff9d18f0b8dff405b199f34218fa1135ff03,35,0.82219448054469,0.7995037114487176,0.843301992654949,0.47685911938803877,0.7287594734742721
our_harness,342,random,fit342_49d2a9be7d10,49d2a9be7d10e6e77190979019126e78467a680f129740b31fdf8a845a37698e,90,0.9494390018484289,0.9476079696460457,0.41114541462684806,0.7439059446763873,0.8719346049046321
our_harness,342,unseen_drug,fit342_49d2a9be7d10,49d2a9be7d10e6e77190979019126e78467a680f129740b31fdf8a845a37698e,90,0.9335928630599198,0.946920025375268,0.46604925854593826,0.6989696795949165,0.8501714587180164
our_harness,342,unseen_protein,fit342_49d2a9be7d10,49d2a9be7d10e6e77190979019126e78467a680f129740b31fdf8a845a37698e,90,0.8480103637759174,0.8284527436048179,0.7028192769129253,0.534007165336127,0.7662544874351815
drugban,343,random,fit343_bd82dd73b9d0,bd82dd73b9d008c25549567183eff3e365e1c7636e127cf4149770e1c023164c,48,0.9460080538684976,0.9450463601941785,0.49950569953412727,0.6996582301715624,0.8425068119891008
drugban,343,unseen_drug,fit343_bd82dd73b9d0,bd82dd73b9d008c25549567183eff3e365e1c7636e127cf4149770e1c023164c,48,0.9302795911168188,0.9453077903535885,0.6230464548000411,0.6388341180926765,0.801899235030335
drugban,343,unseen_protein,fit343_bd82dd73b9d0,bd82dd73b9d008c25549567183eff3e365e1c7636e127cf4149770e1c023164c,48,0.8625103580479646,0.8645141884442864,0.8727306406933176,0.479718316641501,0.7179896290386917
drugban_evo,343,random,fit343_5b5a631e8182,5b5a631e81823e791eabbf4cca19e37bc0914ec09dbfe21cdbd6f4c40bf75dc8,31,0.9449371534195932,0.9440582164098611,0.39558734216398367,0.7129330420554225,0.8546775658492279
drugban_evo,343,unseen_drug,fit343_5b5a631e8182,5b5a631e81823e791eabbf4cca19e37bc0914ec09dbfe21cdbd6f4c40bf75dc8,31,0.9286950074147307,0.9448399428076936,0.4758206312302422,0.6588947247538208,0.8230018464785017
drugban_evo,343,unseen_protein,fit343_5b5a631e8182,5b5a631e81823e791eabbf4cca19e37bc0914ec09dbfe21cdbd6f4c40bf75dc8,31,0.8448860837477613,0.8391383785798671,0.6954531335356229,0.48726700572471593,0.7363382528919027
harness_free,343,random,fit343_54f42dd3fe43,54f42dd3fe4384dae1674ffc576806fdb6507f8cfd026caf99261c61177beb08,92,0.9384083707420121,0.9378942753860091,0.5156811186515016,0.6940855663268067,0.8434150772025432
harness_free,343,unseen_drug,fit343_54f42dd3fe43,54f42dd3fe4384dae1674ffc576806fdb6507f8cfd026caf99261c61177beb08,92,0.9197237213057854,0.9374496288811053,0.6244369595688319,0.6390347789995718,0.8090213663940913
harness_free,343,unseen_protein,fit343_54f42dd3fe43,54f42dd3fe4384dae1674ffc576806fdb6507f8cfd026caf99261c61177beb08,92,0.8175319269724205,0.8152596053068795,0.9262170603728503,0.4438869141705987,0.710410849621061
drugevolve_native,343,random,fit343_df2ca8511a05,df2ca8511a0581574f6864d425d4ae6297edb278869f12107537f1aab4593e11,10,0.9412082123052548,0.9380743104424651,0.40962841025220115,0.6917378911657307,0.8377838328792008
drugevolve_native,343,unseen_drug,fit343_df2ca8511a05,df2ca8511a0581574f6864d425d4ae6297edb278869f12107537f1aab4593e11,10,0.93055506010773,0.9434894630547144,0.4854478939823498,0.6493478150007522,0.8079662358216829
drugevolve_native,343,unseen_protein,fit343_df2ca8511a05,df2ca8511a0581574f6864d425d4ae6297edb278869f12107537f1aab4593e11,10,0.8728556772285873,0.8623269775239619,0.6348632808351813,0.5248194074601964,0.7419226166733147
our_harness,343,random,fit343_f113150a74c4,f113150a74c44b3f93348ecd724736d6b1d5da826e5dafd1f2ce5e4dc07081ac,9,0.9446238447319779,0.9456449412431682,0.3269729578077661,0.7457041539064612,0.8701180744777475
our_harness,343,unseen_drug,fit343_f113150a74c4,f113150a74c44b3f93348ecd724736d6b1d5da826e5dafd1f2ce5e4dc07081ac,9,0.9317308285756186,0.9483443324693197,0.37895592950651025,0.7029491675169509,0.8451595884990768
our_harness,343,unseen_protein,fit343_f113150a74c4,f113150a74c44b3f93348ecd724736d6b1d5da826e5dafd1f2ce5e4dc07081ac,9,0.8619833863911479,0.8733060147172673,0.5205769264207799,0.5882488679673183,0.7854008775428799
drugban,344,random,fit344_bd82dd73b9d0,bd82dd73b9d008c25549567183eff3e365e1c7636e127cf4149770e1c023164c,90,0.9511394243464484,0.9487873972204904,0.4942525065793547,0.7321218903574425,0.8615803814713896
drugban,344,unseen_drug,fit344_bd82dd73b9d0,bd82dd73b9d008c25549567183eff3e365e1c7636e127cf4149770e1c023164c,90,0.9370499564289027,0.948854976530568,0.603162610682906,0.6794552549506295,0.8290688472698496
drugban,344,unseen_protein,fit344_bd82dd73b9d0,bd82dd73b9d008c25549567183eff3e365e1c7636e127cf4149770e1c023164c,90,0.8704168422178125,0.855831268777749,0.847021258471478,0.5308743155827135,0.7510969285999203
drugban_evo,344,random,fit344_5b5a631e8182,5b5a631e81823e791eabbf4cca19e37bc0914ec09dbfe21cdbd6f4c40bf75dc8,57,0.9534345788222868,0.9560211336753641,0.4045944939272872,0.761432462029802,0.8802906448683016
drugban_evo,344,unseen_drug,fit344_5b5a631e8182,5b5a631e81823e791eabbf4cca19e37bc0914ec09dbfe21cdbd6f4c40bf75dc8,57,0.9420283577348466,0.9577453302489428,0.464077078988177,0.7243944061666829,0.8604589817989976
drugban_evo,344,unseen_protein,fit344_5b5a631e8182,5b5a631e81823e791eabbf4cca19e37bc0914ec09dbfe21cdbd6f4c40bf75dc8,57,0.8650115641002468,0.8817336211063425,0.7218348325848095,0.5718236688015919,0.7834064619066613
harness_free,344,random,fit344_bd82dd73b9d0,bd82dd73b9d008c25549567183eff3e365e1c7636e127cf4149770e1c023164c,90,0.9511394243464484,0.9487873972204904,0.4942525065793547,0.7321218903574425,0.8615803814713896
harness_free,344,unseen_drug,fit344_bd82dd73b9d0,bd82dd73b9d008c25549567183eff3e365e1c7636e127cf4149770e1c023164c,90,0.9370499564289027,0.948854976530568,0.603162610682906,0.6794552549506295,0.8290688472698496
harness_free,344,unseen_protein,fit344_bd82dd73b9d0,bd82dd73b9d008c25549567183eff3e365e1c7636e127cf4149770e1c023164c,90,0.8704168422178125,0.855831268777749,0.847021258471478,0.5308743155827135,0.7510969285999203
drugevolve_native,344,random,fit344_fceaef449826,fceaef449826a574dfc8d57a69bc7217bc0560b4eaf10d77ef2b5d02ba23a709,93,0.9524440850277264,0.9526078579606679,0.45145662100456035,0.770741158233754,0.8830154405086286
drugevolve_native,344,unseen_drug,fit344_fceaef449826,fceaef449826a574dfc8d57a69bc7217bc0560b4eaf10d77ef2b5d02ba23a709,93,0.9374841102804574,0.9518407711763861,0.556224547461818,0.7228442264508212,0.8551833289369559
drugevolve_native,344,unseen_protein,fit344_fceaef449826,fceaef449826a574dfc8d57a69bc7217bc0560b4eaf10d77ef2b5d02ba23a709,93,0.8650312937154174,0.8750108755336667,0.792329519952852,0.5955375631064532,0.7889908256880734
our_harness,344,random,fit344_90ff4ffa9a7b,90ff4ffa9a7b41a3f3b2257a7958af369d6ecd27023d35dd9c46ab775bf5e017,85,0.958443556905202,0.957516931059219,0.4327134324712452,0.771694575970427,0.8828337874659401
our_harness,344,unseen_drug,fit344_90ff4ffa9a7b,90ff4ffa9a7b41a3f3b2257a7958af369d6ecd27023d35dd9c46ab775bf5e017,85,0.9458195244946574,0.9562078332394914,0.534019224441678,0.7210663106296038,0.8530730677921393
our_harness,344,unseen_protein,fit344_90ff4ffa9a7b,90ff4ffa9a7b41a3f3b2257a7958af369d6ecd27023d35dd9c46ab775bf5e017,85,0.8904182169264824,0.8867954015830241,0.7615094518232404,0.5969353991030569,0.7850019944156362
drugban,345,random,fit345_bd82dd73b9d0,bd82dd73b9d008c25549567183eff3e365e1c7636e127cf4149770e1c023164c,72,0.9435683918669132,0.9401687071716074,0.5429796915496465,0.7014796393617674,0.8450499545867394
drugban,345,unseen_drug,fit345_bd82dd73b9d0,bd82dd73b9d008c25549567183eff3e365e1c7636e127cf4149770e1c023164c,72,0.9261801142530997,0.9395807579045895,0.6909331859839332,0.635854428207945,0.8029543656027434
drugban,345,unseen_protein,fit345_bd82dd73b9d0,bd82dd73b9d008c25549567183eff3e365e1c7636e127cf4149770e1c023164c,72,0.8456230803402659,0.8360219210925357,0.9800551198669234,0.4556793524431458,0.7092142002393299
drugban_evo,345,random,fit345_5b5a631e8182,5b5a631e81823e791eabbf4cca19e37bc0914ec09dbfe21cdbd6f4c40bf75dc8,17,0.9255590176921047,0.9215387751619318,0.3986898903164381,0.6856378944154489,0.8428701180744778
drugban_evo,345,unseen_drug,fit345_5b5a631e8182,5b5a631e81823e791eabbf4cca19e37bc0914ec09dbfe21cdbd6f4c40bf75dc8,17,0.9078224983140619,0.924395656830433,0.44589063632599973,0.6390827165049345,0.8211553679767871
drugban_evo,345,unseen_protein,fit345_5b5a631e8182,5b5a631e81823e791eabbf4cca19e37bc0914ec09dbfe21cdbd6f4c40bf75dc8,17,0.7831463899259312,0.7510208197001673,0.6878593495641742,0.4344457579417639,0.7171918627842042
harness_free,345,random,fit345_482b4cf5bdb1,482b4cf5bdb111100a03cde82ff040fa88c6b010159fcdd457941880dcd4da1e,90,0.9534174808555586,0.9527823136482207,0.4436901049087506,0.7592019697738249,0.8795640326975477
harness_free,345,unseen_drug,fit345_482b4cf5bdb1,482b4cf5bdb111100a03cde82ff040fa88c6b010159fcdd457941880dcd4da1e,90,0.9415036077095079,0.9551602132795121,0.4939497116862779,0.7258102563263673,0.8633605908731206
harness_free,345,unseen_protein,fit345_482b4cf5bdb1,482b4cf5bdb111100a03cde82ff040fa88c6b010159fcdd457941880dcd4da1e,90,0.8618742370685102,0.8587896644709764,0.7679362251648837,0.5650581694144465,0.7818109293976865
drugevolve_native,345,random,fit345_33e0984cbbe9,33e0984cbbe9fea8552681d49f0a635899fadf3569d5e89f268cee0c0548cf4d,43,0.9369699630314233,0.9383727044247263,0.5471132643023081,0.6783843691376868,0.8328792007266121
drugevolve_native,345,unseen_drug,fit345_33e0984cbbe9,33e0984cbbe9fea8552681d49f0a635899fadf3569d5e89f268cee0c0548cf4d,43,0.9152203836861206,0.9353319337517836,0.6938616366024545,0.6112147251797287,0.7876549723028224
drugevolve_native,345,unseen_protein,fit345_33e0984cbbe9,33e0984cbbe9fea8552681d49f0a635899fadf3569d5e89f268cee0c0548cf4d,43,0.8066679098445688,0.7945203991992177,1.02180527589943,0.4033987180932354,0.6812923813322697
our_harness,345,random,fit345_322bbc3bd77d,322bbc3bd77d2feb5bb3f620900aa90b7b5777fe355a80c5eb452ea9bc25cbce,74,0.9507745576973858,0.9502063407408391,0.412174479541072,0.7545797869191954,0.8768392370572207
our_harness,345,unseen_drug,fit345_322bbc3bd77d,322bbc3bd77d2feb5bb3f620900aa90b7b5777fe355a80c5eb452ea9bc25cbce,74,0.9366320815773248,0.950704878971784,0.4857552035320974,0.7140974192229841,0.8557108942231602
our_harness,345,unseen_protein,fit345_322bbc3bd77d,322bbc3bd77d2feb5bb3f620900aa90b7b5777fe355a80c5eb452ea9bc25cbce,74,0.8557695122711841,0.8534112747417275,0.744614760102692,0.5526104435488969,0.7738332668528122
drugban,346,random,fit346_bd82dd73b9d0,bd82dd73b9d008c25549567183eff3e365e1c7636e127cf4149770e1c023164c,38,0.933506799577502,0.9303179153782983,0.39376619515612055,0.7066730327995452,0.8528610354223434
drugban,346,unseen_drug,fit346_bd82dd73b9d0,bd82dd73b9d008c25549567183eff3e365e1c7636e127cf4149770e1c023164c,38,0.9174722648307353,0.9331779462082157,0.4511961574035127,0.6629922619245319,0.8293326299129518
drugban,346,unseen_protein,fit346_bd82dd73b9d0,bd82dd73b9d008c25549567183eff3e365e1c7636e127cf4149770e1c023164c,38,0.8108203573987965,0.7845770043929677,0.6799587269819621,0.47108307873261224,0.7335460710011966
drugban_evo,346,random,fit346_5b5a631e8182,5b5a631e81823e791eabbf4cca19e37bc0914ec09dbfe21cdbd6f4c40bf75dc8,27,0.9368944415104303,0.9338976207110766,0.46004260931411317,0.6948959537638975,0.844141689373297
drugban_evo,346,unseen_drug,fit346_5b5a631e8182,5b5a631e81823e791eabbf4cca19e37bc0914ec09dbfe21cdbd6f4c40bf75dc8,27,0.9189843715937963,0.9326527142613596,0.5544160179788277,0.6383759004701628,0.8100764969664996
drugban_evo,346,unseen_protein,fit346_5b5a631e8182,5b5a631e81823e791eabbf4cca19e37bc0914ec09dbfe21cdbd6f4c40bf75dc8,27,0.8259208320551512,0.7989834896873008,0.8076648211567269,0.4613405979325113,0.7207818109293976
harness_free,346,random,fit346_bd82dd73b9d0,bd82dd73b9d008c25549567183eff3e365e1c7636e127cf4149770e1c023164c,38,0.933506799577502,0.9303179153782983,0.39376619515612055,0.7066730327995452,0.8528610354223434
harness_free,346,unseen_drug,fit346_bd82dd73b9d0,bd82dd73b9d008c25549567183eff3e365e1c7636e127cf4149770e1c023164c,38,0.9174722648307353,0.9331779462082157,0.4511961574035127,0.6629922619245319,0.8293326299129518
harness_free,346,unseen_protein,fit346_bd82dd73b9d0,bd82dd73b9d008c25549567183eff3e365e1c7636e127cf4149770e1c023164c,38,0.8108203573987965,0.7845770043929677,0.6799587269819621,0.47108307873261224,0.7335460710011966
drugevolve_native,346,random,fit346_bd82dd73b9d0,bd82dd73b9d008c25549567183eff3e365e1c7636e127cf4149770e1c023164c,38,0.933506799577502,0.9303179153782983,0.39376619515612055,0.7066730327995452,0.8528610354223434
drugevolve_native,346,unseen_drug,fit346_bd82dd73b9d0,bd82dd73b9d008c25549567183eff3e365e1c7636e127cf4149770e1c023164c,38,0.9174722648307353,0.9331779462082157,0.4511961574035127,0.6629922619245319,0.8293326299129518
drugevolve_native,346,unseen_protein,fit346_bd82dd73b9d0,bd82dd73b9d008c25549567183eff3e365e1c7636e127cf4149770e1c023164c,38,0.8108203573987965,0.7845770043929677,0.6799587269819621,0.47108307873261224,0.7335460710011966
our_harness,346,random,fit346_bd82dd73b9d0,bd82dd73b9d008c25549567183eff3e365e1c7636e127cf4149770e1c023164c,38,0.933506799577502,0.9303179153782983,0.39376619515612055,0.7066730327995452,0.8528610354223434
our_harness,346,unseen_drug,fit346_bd82dd73b9d0,bd82dd73b9d008c25549567183eff3e365e1c7636e127cf4149770e1c023164c,38,0.9174722648307353,0.9331779462082157,0.4511961574035127,0.6629922619245319,0.8293326299129518
our_harness,346,unseen_protein,fit346_bd82dd73b9d0,bd82dd73b9d008c25549567183eff3e365e1c7636e127cf4149770e1c023164c,38,0.8108203573987965,0.7845770043929677,0.6799587269819621,0.47108307873261224,0.7335460710011966
fixed_cosine_k5_full50149,,random,fixed_cosine_k5_full50149,2d2447969ba76297f92c68d54ef568e2afc1496ba8f5d3d8be01c696d5ab28da,,0.9142149458674412,0.9005172995237567,1.651941719359608,0.7032550499238046,0.849227974568574
fixed_cosine_k5_full50149,,unseen_drug,fixed_cosine_k5_full50149,2d2447969ba76297f92c68d54ef568e2afc1496ba8f5d3d8be01c696d5ab28da,,0.8892951561057008,0.8952057816931236,2.193385974690191,0.6318288355179049,0.8071748878923767
fixed_cosine_k5_full50149,,unseen_protein,fixed_cosine_k5_full50149,2d2447969ba76297f92c68d54ef568e2afc1496ba8f5d3d8be01c696d5ab28da,,0.8095255218483212,0.7748320602709895,3.226419832814261,0.4821257601872546,0.7279617072197846
tapb,342,random,tapb_seed342,61d0b46f755abadf974e401a622cc0fb357654472af8569e722e324c2e179e1a,64,0.9412924478479008,0.932241452439859,0.4395800116576563,0.7627309657364523,0.8811989100817439
tapb,342,unseen_drug,tapb_seed342,61d0b46f755abadf974e401a622cc0fb357654472af8569e722e324c2e179e1a,64,0.9102977556496624,0.9196826021193942,0.5541131155091205,0.692841422153949,0.8493801107887101
tapb,342,unseen_protein,tapb_seed342,61d0b46f755abadf974e401a622cc0fb357654472af8569e722e324c2e179e1a,64,0.831603915883104,0.7662404302286459,0.78957709901471,0.5654232958835979,0.782608695652174
tapb,343,random,tapb_seed343,61d0b46f755abadf974e401a622cc0fb357654472af8569e722e324c2e179e1a,36,0.9523459862688145,0.9476960354426015,0.3573459561410198,0.7779849049232576,0.888283378746594
tapb,343,unseen_drug,tapb_seed343,61d0b46f755abadf974e401a622cc0fb357654472af8569e722e324c2e179e1a,36,0.9278761029376374,0.9380564280711805,0.4373870668397885,0.7164368206393594,0.8609865470852018
tapb,343,unseen_protein,tapb_seed343,61d0b46f755abadf974e401a622cc0fb357654472af8569e722e324c2e179e1a,36,0.8751229918752171,0.8478034218330736,0.6123724938175937,0.6213026290209848,0.8089349820502593
tapb,344,random,tapb_seed344,61d0b46f755abadf974e401a622cc0fb357654472af8569e722e324c2e179e1a,23,0.9629440190124109,0.9603687139943746,0.29194397002207434,0.8016747895977488,0.8990009082652134
tapb,344,unseen_drug,tapb_seed344,61d0b46f755abadf974e401a622cc0fb357654472af8569e722e324c2e179e1a,23,0.9498827628888629,0.9588326591016302,0.33958284785501575,0.7566790053617363,0.8797151147454497
tapb,344,unseen_protein,tapb_seed344,61d0b46f755abadf974e401a622cc0fb357654472af8569e722e324c2e179e1a,23,0.928750631665905,0.9274080303109913,0.4383208945281518,0.7103741775092104,0.8504188272836058
tapb,345,random,tapb_seed345,61d0b46f755abadf974e401a622cc0fb357654472af8569e722e324c2e179e1a,32,0.9574482439926063,0.9519708063977838,0.30458205856691245,0.7975731973316866,0.8988192552225249
tapb,345,unseen_drug,tapb_seed345,61d0b46f755abadf974e401a622cc0fb357654472af8569e722e324c2e179e1a,32,0.9366087247512711,0.9442987700976988,0.3761256142667029,0.7468537651409238,0.8754945924558164
tapb,345,unseen_protein,tapb_seed345,61d0b46f755abadf974e401a622cc0fb357654472af8569e722e324c2e179e1a,32,0.8991982138970317,0.8727533543096169,0.49057466849780557,0.6785052591151911,0.8392500997207818
tapb,346,random,tapb_seed346,61d0b46f755abadf974e401a622cc0fb357654472af8569e722e324c2e179e1a,94,0.958604304198574,0.9535176798455807,0.38489026041942875,0.8135318437069315,0.9064486830154405
tapb,346,unseen_drug,tapb_seed346,61d0b46f755abadf974e401a622cc0fb357654472af8569e722e324c2e179e1a,94,0.9393979544516412,0.9472757864561592,0.46373458811051604,0.7691997850817217,0.886837246109206
tapb,346,unseen_protein,tapb_seed346,61d0b46f755abadf974e401a622cc0fb357654472af8569e722e324c2e179e1a,94,0.8991549360314961,0.8722348672332949,0.611830327513508,0.6928512522147527,0.846031112883925
