method,endpoint,n,auroc_mean,auroc_sample_sd,average_precision_mean,average_precision_sample_sd,log_loss_mean,log_loss_sample_sd,mcc_mean,mcc_sample_sd,accuracy_mean,accuracy_sample_sd
drugban,random,5,0.9438865196725641,0.006455554576653074,0.9417152056121032,0.007068525573080166,0.4526041592595178,0.0865808570169493,0.7140475114301096,0.015893136948307508,0.8534059945504088,0.009885497831626356
drugban,unseen_drug,5,0.9276191495397431,0.007094073524480419,0.9419360543330851,0.005961729591573015,0.5523390985261041,0.12479588961124449,0.6591223745579782,0.020952137000276223,0.8205222896333422,0.017035539742263916
drugban,unseen_protein,5,0.8475566462709118,0.022914123905067998,0.8370070541593385,0.031269213299101255,0.7885146500765022,0.16577938045140145,0.49287597812120826,0.034064868357550356,0.7348224970083765,0.022128848133420826
drugban_evo,random,5,0.9414894375495115,0.010674836878604738,0.9400972280919521,0.012998646613900072,0.41577503828356993,0.02646501861010576,0.7187243446032312,0.03130474774364473,0.8581289736603088,0.016144142709049104
drugban_evo,unseen_drug,5,0.9262235437939074,0.013239448431631414,0.941377266689674,0.013028018939133443,0.48401251429853637,0.04150818506396213,0.67118993960988,0.03763674786855777,0.8318649432867318,0.02030149778761705
drugban_evo,unseen_protein,5,0.8338997430058515,0.03164215668744856,0.8223372569726317,0.04945422067858965,0.7265046140444898,0.04772994626773737,0.4978284899315398,0.05536970796464335,0.7442361388113282,0.028494888413819953
harness_free,random,5,0.9438597570636388,0.008401073860290074,0.9426469308138528,0.008883594663807455,0.46956136609818844,0.050256786557829815,0.7228162900526567,0.024986191707057584,0.8591099000908266,0.013330536474076456
harness_free,unseen_drug,5,0.9279878759670435,0.010701586251283004,0.9431253844375364,0.008851778253201423,0.5603075520466251,0.08207916901058383,0.6735100933098505,0.03257853710483567,0.8305987865998418,0.020082505605040834
harness_free,unseen_protein,5,0.8392544878510121,0.026345105921451718,0.8298937814385839,0.030828900208735667,0.8259642574441821,0.10249647495242215,0.50116999054243,0.04793052036169803,0.7429597128041484,0.026215150221167615
drugevolve_native,random,5,0.9403517692104568,0.007291382086150643,0.9391688878967002,0.008186157893158585,0.4523340938741391,0.059774952874886544,0.7122015391586164,0.035431008357683064,0.8521707538601272,0.019593451190725236
drugevolve_native,unseen_drug,5,0.9239173332563266,0.00962966067283945,0.939451955173083,0.00810108884219298,0.5512429330620373,0.0935895397122112,0.6608458662062394,0.040165136167230976,0.8203112635188604,0.025087379679829845
drugevolve_native,unseen_protein,5,0.835513943746412,0.03116469953008534,0.8231877936197063,0.042104203565694706,0.7944517592648749,0.1521985607823724,0.49433957735610723,0.07121573454224997,0.7349022736338253,0.038368119942481446
our_harness,random,5,0.9473575521520994,0.009195438601043241,0.9462588196135141,0.009982953930009478,0.3953544959206104,0.04064022808982136,0.7445114988544032,0.02384234018176324,0.8709173478655767,0.011233592181787638
our_harness,unseen_drug,5,0.9330495125076512,0.010254179752794697,0.9470710032528158,0.00853445825175719,0.46319515468594735,0.056509675198510655,0.7000149677777975,0.02248253421415323,0.8466895278290689,0.010462565369161748
our_harness,unseen_protein,5,0.8534003673527056,0.02868672008420693,0.8453084878079609,0.040444745870564756,0.68189582844832,0.09583491616298113,0.5485769909376023,0.05036429403411034,0.7688073394495413,0.021288179866902315
tapb,random,5,0.9545270002640613,0.008305336787415478,0.9491589376240399,0.010498877484961783,0.35566845136141834,0.06035003551983323,0.7906991402592154,0.020204705219844497,0.8947502270663034,0.00996164483896773
tapb,unseen_drug,5,0.932812660135815,0.014836232142813714,0.9416292491692125,0.01439954344719957,0.43418864651622874,0.08304613728949362,0.736402159675538,0.031193843047645876,0.8704827222368768,0.01511062472284003
tapb,unseen_protein,5,0.8867661378705508,0.03622557845195157,0.8572880207831245,0.058649428511917415,0.5885350966743538,0.13572889154707124,0.6536913227487474,0.05958701533395037,0.8254487435181491,0.02892053969055777
fixed_cosine_k5_full50149,random,1,0.9142149458674412,,0.9005172995237567,,1.651941719359608,,0.7032550499238046,,0.849227974568574,
fixed_cosine_k5_full50149,unseen_drug,1,0.8892951561057008,,0.8952057816931236,,2.193385974690191,,0.6318288355179049,,0.8071748878923767,
fixed_cosine_k5_full50149,unseen_protein,1,0.8095255218483212,,0.7748320602709895,,3.226419832814261,,0.4821257601872546,,0.7279617072197846,
