source_id,bib_key,title,authors,year,family_or_topic,artifact_type,version_or_release_date,url,accessed_date,primary_source,claims_supported,evidence_location,disclosure_status,notes
RUP-PAPER,Ruprecht2020Proteome,A mass spectrometry-based proteome map of drug action in lung cancer cell lines,Benjamin Ruprecht; Julie Di Bernardo; Zhao Wang; Xuan Mo; Oleg Ursu; Matthew Christopher; Rafael B. Fernandez; Li Zheng; Brian D. Dill; Huijun Wang; Yuting Xu; Andy Liaw; Jonathan D. Mortison; Nirodhini Siriwardana; Brian Andresen; Meir Glick; James R. Tata; Victoria Kutilek; Ivan Cornella-Taracido; An Chi,2020,external perturbation proteomics,paper,2020-07-20,https://doi.org/10.1038/s41589-020-0572-3,2026-09-23,yes,Five lung-cell contexts; 53 drugs; 24h protein profiling; 72h or 96h CTG EC50; profiling dose depends on EC50,Results: first workflow paragraph; Methods: CTG assay and cell treatment; Data availability,reported,Publisher full HTML read through requests; EC50-informed treatment is an important endpoint shortcut
RUP-SUPP,Ruprecht2020Proteome,A mass spectrometry-based proteome map of drug action in lung cancer cell lines,Benjamin Ruprecht; Julie Di Bernardo; Zhao Wang; Xuan Mo; Oleg Ursu; Matthew Christopher; Rafael B. Fernandez; Li Zheng; Brian D. Dill; Huijun Wang; Yuting Xu; Andy Liaw; Jonathan D. Mortison; Nirodhini Siriwardana; Brian Andresen; Meir Glick; James R. Tata; Victoria Kutilek; Ivan Cornella-Taracido; An Chi,2020,external perturbation proteomics,supplement,2020-07-20,https://media.springernature.com/original/springer-static/esm/art%3A10.1038%2Fs41589-020-0572-3/MediaObjects/41589_2020_572_MOESM7_ESM.xlsx,2026-09-23,yes,Measured protein LFQ matrices; drug/cell EC50 and profiling dose; plate mapping,Supplementary Data 1: Cellular_EC50_matrix; Compound_Plate_Position; A549_dataset; Calu1_dataset; Calu6_dataset; 2030_dataset; 2122_dataset,reported,Downloaded and parsed; all row counts in generated schema/intake_manifest.json
DEC-PAPER,Eckert2024DecryptE,Decrypting the molecular basis of cellular drug phenotypes by dose-resolved expression proteomics,Stephan Eckert; Nicola Berner; Karl Kramer; Annika Schneider; Julian Müller; Severin Lechner; Sarah Brajkovic; Amirhossein Sakhteman; Christian Graetz; Jonas Fackler; Michael Dudek; Michael W. Pfaffl; Percy Knolle; Stephanie Wilhelm; Bernhard Kuster,2024,external perturbation proteomics,paper,2024-05-07,https://doi.org/10.1038/s41587-024-02218-y,2026-09-23,yes,144 compounds; Jurkat; 18h exposure and 5 doses; three distinct phenotype assays; protein matrix released through repositories,"Methods: Compound treatment; Confluency, viability and metabolic activity assessment; Data availability",reported,First online 2024-05-07; final journal volume43 pages406-415 (2025). Key keeps online year; this source is not added to manuscript bibliography because it is not an executed experiment.
DEC-SUPP,Eckert2024DecryptE,Decrypting the molecular basis of cellular drug phenotypes by dose-resolved expression proteomics,Stephan Eckert; Nicola Berner; Karl Kramer; Annika Schneider; Julian Müller; Severin Lechner; Sarah Brajkovic; Amirhossein Sakhteman; Christian Graetz; Jonas Fackler; Michael Dudek; Michael W. Pfaffl; Percy Knolle; Stephanie Wilhelm; Bernhard Kuster,2024,external perturbation proteomics,supplement,2024-05-07,https://media.springernature.com/original/springer-static/esm/art%3A10.1038%2Fs41587-024-02218-y/MediaObjects/41587_2024_2218_MOESM2_ESM.xlsx,2026-09-23,yes,144 Jurkat drugs x 3 phenotype curves; 5 nonzero doses; drug SMILES; supplement does not contain the protein response matrix,Table S1 - Cpd info; TableS1 - Cpd via info,derived,432 Jurkat curve rows; additional primary T-cell curves not presumed to have matched global proteomes
DEC-MASSIVE,Eckert2024DecryptE,Decrypting the molecular basis of cellular drug phenotypes by dose-resolved expression proteomics,Stephan Eckert; Nicola Berner; Karl Kramer; Annika Schneider; Julian Müller; Severin Lechner; Sarah Brajkovic; Amirhossein Sakhteman; Christian Graetz; Jonas Fackler; Michael Dudek; Michael W. Pfaffl; Percy Knolle; Stephanie Wilhelm; Bernhard Kuster,2024,external perturbation proteomics,official dataset,2024-05-07,https://massive.ucsd.edu/ProteoSAFe/QueryMSV?id=MSV000093659,2026-09-23,yes,Correct accession PXD047799/MSV000093659; dataset CC0 1.0; processed repository is a retrieval route,Dataset summary: Description; dataset license; Browse Dataset Files,reported,"2026-09-23 bounded download verified main Jurkat Vorinostat_ALL.txt, 3901411 bytes, 7871x37, SHA13933c5fb89bd6f78450657ad42abb9f8c119b02cc1e2253d84f6b7956c51131. 145 main files /564387423 bytes listed; third source not trained."
LIN-PAPER,Lin2026HDAC,Defining the heterogeneous molecular landscape of lung cancer cell responses to epigenetic inhibition,Chuwei Lin; Catherine M. Sniezek; Christopher D. McGann; Rashmi Karki; Ross M. Giglio; Benjamin A. Garcia; José L. McFaline-Figueroa; Devin K. Schweppe,2026,external perturbation proteomics,paper,2026-01-28,https://doi.org/10.1038/s42003-025-09455-0,2026-09-23,yes,Five contexts; 7 drugs; 24h/10uM whole-protein response and matched CTG dose curves,Methods: cell viability and proteomics; Supplementary Data 1; Source Data; Data availability,reported,Published 2026 despite 2025 DOI string; separate collected study from Mitchell2023 though some author overlap
LIN-PROTEIN,Lin2026HDAC,Defining the heterogeneous molecular landscape of lung cancer cell responses to epigenetic inhibition,Chuwei Lin; Catherine M. Sniezek; Christopher D. McGann; Rashmi Karki; Ross M. Giglio; Benjamin A. Garcia; José L. McFaline-Figueroa; Devin K. Schweppe,2026,external perturbation proteomics,supplement,2026-01-28,https://media.springernature.com/original/springer-static/esm/art%3A10.1038%2Fs42003-025-09455-0/MediaObjects/42003_2025_9455_MOESM3_ESM.csv,2026-09-23,yes,Measured two-replicate protein fold changes and gene/UniProt identities,Supplementary Data 1 CSV columns Line Drug Uniprot Gene Rep1_FC Rep2_FC log2FC,reported,280497 rows / 10611 UniProt identifiers; confirmed by generated schema
LIN-EFFECT,Lin2026HDAC,Defining the heterogeneous molecular landscape of lung cancer cell responses to epigenetic inhibition,Chuwei Lin; Catherine M. Sniezek; Christopher D. McGann; Rashmi Karki; Ross M. Giglio; Benjamin A. Garcia; José L. McFaline-Figueroa; Devin K. Schweppe,2026,external perturbation proteomics,supplement,2026-01-28,https://media.springernature.com/original/springer-static/esm/art%3A10.1038%2Fs42003-025-09455-0/MediaObjects/42003_2025_9455_MOESM6_ESM.xlsx,2026-09-23,yes,24h CTG three-replicate dose-response ratios; 28 literal-name matches plus 7 inferred HCT16/HCT116 aliases at 10uM,Source Data: sup fig 1b,derived,Executed pilot uses 28 strict-name matches only; HCT16/HCT116 seven alias-inferred conditions excluded; train20/dev8; source endpoint remains continuous.
RUN-PROT,AI4AI4CellAblationArtifacts20260923,Executed independent-source proteomics auxiliary pilot,AI4AI4Cell experiment authors,2026,completed ablation audit,versioned local experiment artifact,2026-09-23,results/proteomics_external_pilot_20260923/data/manifest.json,2026-09-23,yes,Exact source sample counts; split; executed adapter and loss semantics; two independent studies,results/proteomics_external_pilot_20260923/data/manifest.json,derived,"Read actual data.py/model.py/trainer.py/run.py and seed61 final artifacts. Local execution evidence, not a claim made in Lin/Ruprecht papers."
RUN-SHORT,AI4AI4CellAblationArtifacts20260923,Six-slot backend-matched short loop results,AI4AI4Cell experiment authors,2026,completed ablation audit,versioned local experiment artifact,2026-09-23,results/budget1day_20260923/,2026-09-23,yes,Five endpoints x Qwen/Luna COMPLETE; menu12; DTIseed42 and four light endpoints seed61,results/budget1day_20260923/,derived,Individual status/definition/heldout hashes in completion_snapshot.json; six-slot budget is separate from 24-slot menu36.
RUN-LONG,AI4AI4CellAblationArtifacts20260923,Twenty-four-slot loop results,AI4AI4Cell experiment authors,2026,completed ablation audit,versioned local experiment artifact,2026-09-23,results/core_ablation_20260922/model_loop/,2026-09-23,yes,Four light endpoints x Qwen/Luna COMPLETE; menu36; seed61,results/core_ablation_20260922/model_loop/,derived,Not complete long native DTI; no joined six-to24 curve.
RUN-LABS,AI4AI4CellAblationArtifacts20260923,Laboratory-count ablations,AI4AI4Cell experiment authors,2026,completed ablation audit,versioned local experiment artifact,2026-09-23,results/tonight_completion_20260923/native_final_lab_v1/summary.json,2026-09-23,yes,K1/2/5/10 participation and fixed-data partition experiments complete,results/tonight_completion_20260923/native_final_lab_v1/summary.json,derived,Four light endpoint evidence in completion_snapshot.json; DTI partitionK10 reuses participationK10 by verified identity; not an independent replicate.
RUN-SOURCES,AI4AI4CellAblationArtifacts20260923,Independent-source completion results,AI4AI4Cell experiment authors,2026,completed ablation audit,versioned local experiment artifact,2026-09-23,results/tonight_completion_20260923/final_delivery/summary.json,2026-09-23,yes,DTI3 sources; cell3 sources; proteomics2; source effects include both positive and negative values,results/tonight_completion_20260923/final_delivery/summary.json,derived,"DTI final summary native_final_cross_v2, not intermediate case_receipts. Global COMPLETE covers registered jobs, not the absent third proteomics study."
RUN-MANUSCRIPT,AI4AI4CellAblationArtifacts20260923,Integrated English ablation sections,AI4AI4Cell manuscript authors,2026,manuscript incorporation,local manuscript,2026-09-23,paper/sections/04_experimental_design.tex;05_results.tex;07_conclusion.tex;23_appendix_core_sensitivity.tex,2026-09-23,yes,Actual incorporation of completed ablation evidence with explicit two-source and four-endpoint long-loop scope,Sections4.5/5.3/5.4/6;AppendixB.1-B.5;tables/completed_ablation,derived,Numeric values independently compared to result JSON. Both B.2 text corrections landed and were re-read; content PASS. Final PDF visual review is root-owned.
